product_code,customer_code,market_code,order_date,sales_qty,sales_amount,currency,profit_margin_percentage,profit_margin,cost_price
Prod011,Cus016,Mark002,6/16/2020,1,514,INR,-0.3,-30.6,132.6
Prod011,Cus016,Mark002,6/16/2020,1,514,"INR",-0.07,-7.14,109.14
Prod011,Cus016,Mark002,6/12/2020,1,1028,INR,0.27,55.08,148.92
Prod011,Cus016,Mark002,6/12/2020,1,1028,"INR",-0.16,-32.64,236.64
Prod005,Cus007,Mark004,5/15/2020,2,528,INR,-0.28,-28.56,130.56
Prod005,Cus007,Mark004,5/15/2020,2,528,"INR",-0.06,-6.12,108.12
Prod005,Cus007,Mark004,4/20/2020,1,102,INR,-0.1,-10.2,112.2
Prod005,Cus007,Mark004,4/20/2020,1,102,"INR",0.35,71.4,132.6
Prod005,Cus007,Mark004,4/14/2020,4,2694,INR,0.18,18.36,83.64
Prod005,Cus007,Mark004,4/14/2020,4,2694,"INR",0.25,25.5,76.5
Prod005,Cus007,Mark004,4/3/2020,1,829,INR,0.07,7.14,94.86
Prod005,Cus007,Mark004,4/3/2020,1,829,"INR",-0.13,-13.26,115.26
Prod005,Cus007,Mark004,3/13/2020,1,620,INR,-0.32,-32.64,134.64
Prod005,Cus007,Mark004,3/13/2020,1,620,"INR",-0.14,-28.56,232.56
Prod005,Cus007,Mark004,3/6/2020,1,620,INR,-0.13,-26.52,230.52
Prod005,Cus007,Mark004,3/6/2020,1,620,"INR",0.06,6.12,95.88
Prod005,Cus007,Mark004,2/28/2020,1,208,INR,-0.15,-15.3,117.3
Prod005,Cus007,Mark004,2/28/2020,1,208,"INR",0.21,21.42,80.58
Prod005,Cus007,Mark004,2/14/2020,1,310,INR,0.06,6.12,95.88
Prod005,Cus007,Mark004,2/14/2020,1,310,"INR",0.32,65.28,138.72
Prod005,Cus007,Mark004,2/7/2020,1,417,INR,-0.03,-6.12,210.12
Prod005,Cus007,Mark004,2/7/2020,1,417,"INR",-0.16,-16.32,118.32
Prod005,Cus007,Mark004,1/17/2020,2,2042,INR,-0.1,-10.2,112.2
Prod005,Cus007,Mark004,1/17/2020,2,2042,"INR",0.36,73.44,130.56
Prod005,Cus007,Mark004,1/10/2020,1,472,INR,0.17,34.68,169.32
Prod005,Cus007,Mark004,1/10/2020,1,472,"INR",0.25,25.5,76.5
Prod005,Cus007,Mark004,1/9/2020,1,630,INR,0.06,6.12,95.88
Prod005,Cus007,Mark004,1/9/2020,1,630,"INR",-0.32,-65.28,269.28
Prod005,Cus007,Mark004,12/20/2019,1,315,INR,0.26,26.52,75.48
Prod011,Cus007,Mark004,12/20/2019,1,796,INR,0.16,32.64,171.36
Prod005,Cus007,Mark004,12/20/2019,1,315,"INR",0.32,32.64,69.36
Prod011,Cus007,Mark004,12/20/2019,1,796,"INR",0.25,51,153
Prod005,Cus007,Mark004,12/13/2019,4,3773,INR,0.34,69.36,134.64
Prod011,Cus007,Mark004,12/13/2019,4,10352,INR,-0.27,-27.54,129.54
Prod005,Cus007,Mark004,12/13/2019,4,3773,"INR",0.33,33.66,68.34
Prod011,Cus007,Mark004,12/13/2019,4,10352,"INR",0.15,15.3,86.7
Prod005,Cus007,Mark004,12/6/2019,1,1259,INR,0.4,40.8,61.2
Prod011,Cus007,Mark004,12/6/2019,2,4778,INR,0.18,18.36,83.64
Prod011,Cus016,Mark002,12/6/2019,1,514,INR,-0.27,-55.08,259.08
Prod005,Cus007,Mark004,12/6/2019,1,1259,"INR",0.27,27.54,74.46
Prod011,Cus007,Mark004,12/6/2019,2,4778,"INR",0.32,32.64,69.36
Prod011,Cus016,Mark002,12/6/2019,1,514,"INR",0.11,22.44,181.56
Prod005,Cus007,Mark004,11/29/2019,2,1417,INR,0.23,46.92,157.08
Prod005,Cus007,Mark004,11/29/2019,2,1417,"INR",-0.29,-59.16,263.16
Prod016,Cus007,Mark004,11/29/2019,4,6338,"INR",0.4,40.8,61.2
Prod005,Cus007,Mark004,11/22/2019,1,944,INR,0,0,102
Prod005,Cus007,Mark004,11/22/2019,1,944,"INR",-0.08,-8.16,110.16
Prod011,Cus016,Mark002,11/18/2019,1,514,INR,0.17,17.34,84.66
Prod011,Cus016,Mark002,11/18/2019,1,514,"INR",-0.34,-34.68,136.68
Prod005,Cus007,Mark004,11/15/2019,1,472,INR,0.02,2.04,99.96
Prod011,Cus007,Mark004,11/15/2019,1,3185,INR,0.1,10.2,91.8
Prod011,Cus016,Mark002,11/15/2019,1,514,INR,0.18,36.72,167.28
Prod005,Cus007,Mark004,11/15/2019,1,472,"INR",0.02,2.04,99.96
Prod011,Cus007,Mark004,11/15/2019,1,3185,"INR",-0.16,-16.32,118.32
Prod011,Cus016,Mark002,11/15/2019,1,514,"INR",0.15,30.6,173.4
Prod005,Cus007,Mark004,11/8/2019,1,630,INR,-0.14,-14.28,116.28
Prod011,Cus007,Mark004,11/8/2019,1,1593,INR,-0.07,-14.28,218.28
Prod011,Cus016,Mark002,11/8/2019,1,514,INR,0.29,59.16,144.84
Prod005,Cus007,Mark004,11/8/2019,1,630,"INR",-0.13,-26.52,230.52
Prod011,Cus007,Mark004,11/8/2019,1,1593,"INR",0.37,75.48,128.52
Prod011,Cus016,Mark002,11/8/2019,1,514,"INR",0.04,8.16,195.84
Prod016,Cus006,Mark004,11/7/2019,13,17519,"INR",0.12,12.24,89.76
Prod011,Cus007,Mark004,11/4/2019,1,796,INR,-0.28,-28.56,130.56
Prod011,Cus007,Mark004,11/4/2019,1,796,"INR",-0.1,-10.2,112.2
Prod011,Cus016,Mark002,11/1/2019,1,514,INR,0.39,79.56,124.44
Prod011,Cus016,Mark002,11/1/2019,1,514,"INR",-0.27,-27.54,129.54
Prod005,Cus007,Mark004,10/28/2019,7,2574,INR,-0.17,-17.34,119.34
Prod005,Cus007,Mark004,10/28/2019,7,2574,"INR",0.31,31.62,70.38
Prod011,Cus007,Mark004,10/25/2019,1,796,INR,0.25,25.5,76.5
Prod011,Cus007,Mark004,10/25/2019,1,796,"INR",-0.07,-7.14,109.14
Prod011,Cus007,Mark004,10/21/2019,1,796,INR,-0.31,-31.62,133.62
Prod011,Cus007,Mark004,10/21/2019,1,796,"INR",0.01,1.02,100.98
Prod011,Cus016,Mark002,10/18/2019,1,514,INR,-0.26,-53.04,257.04
Prod011,Cus016,Mark002,10/18/2019,1,514,"INR",-0.24,-24.48,126.48
Prod016,Cus006,Mark004,10/10/2019,18,25356,"INR",-0.14,-28.56,232.56
Prod005,Cus007,Mark004,10/7/2019,1,944,INR,-0.04,-8.16,212.16
Prod005,Cus007,Mark004,10/7/2019,1,944,"INR",-0.3,-30.6,132.6
Prod011,Cus016,Mark002,10/4/2019,1,514,INR,-0.25,-51,255
Prod011,Cus016,Mark002,10/4/2019,1,514,"INR",-0.05,-5.1,107.1
Prod005,Cus006,Mark004,9/27/2019,90,105301,INR,0.31,31.62,70.38
Prod005,Cus007,Mark004,9/27/2019,2,1884,INR,0.03,3.06,98.94
Prod011,Cus016,Mark002,9/27/2019,1,514,INR,-0.14,-28.56,232.56
Prod005,Cus006,Mark004,9/27/2019,90,105301,"INR",0.24,24.48,77.52
Prod005,Cus007,Mark004,9/27/2019,2,1884,"INR",0.19,19.38,82.62
Prod011,Cus016,Mark002,9/27/2019,1,514,"INR",0.36,73.44,130.56
Prod005,Cus007,Mark004,9/23/2019,200,66111,INR,0.25,25.5,76.5
Prod005,Cus007,Mark004,9/23/2019,200,66111,"INR",0.2,40.8,163.2
Prod005,Cus007,Mark004,9/20/2019,1,630,INR,0.32,65.28,138.72
Prod005,Cus007,Mark004,9/20/2019,1,630,"INR",-0.04,-8.16,212.16
Prod016,Cus007,Mark004,9/20/2019,1,486,"INR",0.1,10.2,91.8
Prod005,Cus006,Mark004,9/19/2019,18,16579,INR,0.2,20.4,81.6
Prod005,Cus006,Mark004,9/19/2019,18,16579,"INR",0.07,14.28,189.72
Prod016,Cus007,Mark004,9/19/2019,177,79676,"INR",0.07,14.28,189.72
Prod005,Cus007,Mark004,9/13/2019,2,1417,INR,-0.33,-33.66,135.66
Prod005,Cus007,Mark004,9/13/2019,2,1417,"INR",0,0,102
Prod016,Cus007,Mark004,9/13/2019,1,1708,"INR",-0.13,-13.26,115.26
Prod005,Cus007,Mark004,9/6/2019,1,157,INR,-0.09,-18.36,222.36
Prod005,Cus007,Mark004,9/6/2019,1,157,"INR",-0.28,-57.12,261.12
Prod016,Cus007,Mark004,9/6/2019,1,1218,"INR",0.24,48.96,155.04
Prod005,Cus007,Mark004,9/3/2019,1,630,INR,-0.16,-16.32,118.32
Prod005,Cus007,Mark004,9/3/2019,1,630,"INR",0.11,22.44,181.56
Prod005,Cus007,Mark004,9/2/2019,2,1574,INR,-0.22,-44.88,248.88
Prod005,Cus007,Mark004,9/2/2019,2,1574,"INR",0.28,57.12,146.88
Prod016,Cus006,Mark004,8/28/2019,7,8991,"INR",-0.18,-18.36,120.36
Prod005,Cus007,Mark004,8/16/2019,1,1259,INR,-0.1,-10.2,112.2
Prod011,Cus016,Mark002,8/16/2019,1,1028,INR,0.09,5.85,59.15
Prod005,Cus007,Mark004,8/16/2019,1,1259,"INR",-0.07,-14.28,218.28
Prod011,Cus016,Mark002,8/16/2019,1,1028,"INR",0.17,17.34,84.66
Prod005,Cus007,Mark004,8/9/2019,1,787,INR,-0.13,-13.26,115.26
Prod005,Cus007,Mark004,8/9/2019,1,787,"INR",0.17,17.34,84.66
Prod005,Cus007,Mark004,8/2/2019,2,1417,INR,0.01,2.04,201.96
Prod005,Cus007,Mark004,8/2/2019,2,1417,"INR",-0.29,-29.58,131.58
Prod005,Cus006,Mark004,8/1/2019,5,4542,INR,0.17,17.34,84.66
Prod005,Cus006,Mark004,8/1/2019,5,4542,"INR",-0.19,-19.38,121.38
Prod016,Cus006,Mark004,8/1/2019,7,10144,"INR",0.02,2.04,99.96
Prod005,Cus006,Mark004,7/29/2019,81,76329,INR,-0.16,-16.32,118.32
Prod005,Cus006,Mark004,7/29/2019,81,76329,"INR",0.3,19.5,45.5
Prod016,Cus006,Mark004,7/29/2019,111,152833,"INR",0.34,34.68,67.32
Prod005,Cus007,Mark004,7/26/2019,2,1417,INR,0.32,32.64,69.36
Prod005,Cus007,Mark004,7/26/2019,2,1417,"INR",-0.13,-8.45,73.45
Prod005,Cus007,Mark004,7/19/2019,1,944,INR,0.37,24.05,40.95
Prod005,Cus007,Mark004,7/19/2019,1,944,"INR",-0.05,-5.1,107.1
Prod011,Cus011,Mark003,7/15/2019,1,611,INR,0.14,14.28,87.72
Prod011,Cus011,Mark003,7/15/2019,1,611,"INR",-0.24,-48.96,252.96
Prod005,Cus007,Mark004,7/12/2019,1,630,INR,0.21,21.42,80.58
Prod005,Cus007,Mark004,7/12/2019,1,630,"INR",-0.15,-9.75,74.75
Prod016,Cus021,Mark005,7/12/2019,157,132519,"INR",0.28,28.56,73.44
Prod005,Cus007,Mark004,7/5/2019,1,472,INR,-0.33,-67.32,271.32
Prod005,Cus007,Mark004,7/5/2019,1,472,"INR",0.21,13.65,51.35
Prod005,Cus007,Mark004,6/28/2019,1,315,INR,0.21,42.84,161.16
Prod009,Cus010,Mark003,6/28/2019,7,9130,INR,0.39,39.78,62.22
Prod005,Cus007,Mark004,6/28/2019,1,315,"INR",0.39,39.78,62.22
Prod009,Cus010,Mark003,6/28/2019,7,9130,"INR",0.39,79.56,124.44
Prod005,Cus007,Mark004,6/24/2019,1,315,INR,0.09,9.18,92.82
Prod011,Cus007,Mark004,6/24/2019,1,796,INR,-0.31,-31.62,133.62
Prod005,Cus007,Mark004,6/24/2019,1,315,"INR",-0.18,-11.7,76.7
Prod011,Cus007,Mark004,6/24/2019,1,796,"INR",-0.3,-19.5,84.5
Prod009,Cus003,Mark003,6/19/2019,1,1778,INR,0.09,9.18,92.82
Prod009,Cus003,Mark003,6/19/2019,1,1778,"INR",0.12,7.8,57.2
Prod009,Cus011,Mark003,6/18/2019,1,597,INR,-0.04,-4.08,106.08
Prod009,Cus003,Mark003,6/18/2019,7,8889,INR,0.26,26.52,75.48
Prod009,Cus011,Mark003,6/18/2019,1,597,"INR",-0.34,-22.1,87.1
Prod009,Cus003,Mark003,6/18/2019,7,8889,"INR",-0.01,-0.65,65.65
Prod005,Cus007,Mark004,6/17/2019,1,315,INR,0.38,38.76,63.24
Prod009,Cus003,Mark003,6/17/2019,1,1333,INR,0.11,7.15,57.85
Prod011,Cus007,Mark004,6/17/2019,1,1593,INR,-0.35,-71.4,275.4
Prod005,Cus007,Mark004,6/17/2019,1,315,"INR",-0.14,-9.1,74.1
Prod009,Cus003,Mark003,6/17/2019,1,1333,"INR",0.14,28.56,175.44
Prod011,Cus007,Mark004,6/17/2019,1,1593,"INR",0.05,3.25,61.75
Prod009,Cus010,Mark003,6/14/2019,1,1370,INR,0.37,37.74,64.26
Prod009,Cus003,Mark003,6/14/2019,2,2667,INR,0.22,22.44,79.56
Prod009,Cus010,Mark003,6/14/2019,1,1370,"INR",-0.21,-13.65,78.65
Prod009,Cus003,Mark003,6/14/2019,2,2667,"INR",0.29,18.85,46.15
Prod009,Cus010,Mark003,6/12/2019,1,458,INR,-0.04,-4.08,106.08
Prod009,Cus010,Mark003,6/12/2019,1,458,"INR",0.29,18.85,46.15
Prod009,Cus010,Mark003,6/11/2019,1,458,INR,0.23,14.95,50.05
Prod009,Cus010,Mark003,6/11/2019,1,458,"INR",0.01,1.02,100.98
Prod005,Cus006,Mark004,6/7/2019,20,23403,INR,-0.05,-5.1,107.1
Prod005,Cus007,Mark004,6/7/2019,1,157,INR,0.4,26,39
Prod009,Cus010,Mark003,6/7/2019,1,458,INR,-0.12,-7.8,72.8
Prod005,Cus006,Mark004,6/7/2019,20,23403,"INR",0.27,27.54,74.46
Prod005,Cus007,Mark004,6/7/2019,1,157,"INR",0,0,204
Prod009,Cus010,Mark003,6/7/2019,1,458,"INR",0.36,23.4,41.6
Prod009,Cus010,Mark003,6/6/2019,14,19171,INR,0.13,13.26,88.74
Prod009,Cus010,Mark003,6/6/2019,14,19171,"INR",-0.14,-9.1,74.1
Prod009,Cus010,Mark003,6/5/2019,1,1824,INR,0.1,10.2,91.8
Prod009,Cus003,Mark003,6/5/2019,2,2667,INR,-0.21,-42.84,246.84
Prod009,Cus010,Mark003,6/5/2019,1,1824,"INR",-0.19,-19.38,121.38
Prod009,Cus003,Mark003,6/5/2019,2,2667,"INR",-0.13,-8.45,73.45
Prod009,Cus010,Mark003,6/4/2019,1,458,INR,0.13,26.52,177.48
Prod009,Cus010,Mark003,6/4/2019,1,458,"INR",-0.25,-51,255
Prod005,Cus007,Mark004,6/3/2019,1,787,INR,-0.27,-17.55,82.55
Prod009,Cus010,Mark003,6/3/2019,1,458,INR,0.13,13.26,88.74
Prod011,Cus007,Mark004,6/3/2019,1,796,INR,0.09,18.36,185.64
Prod005,Cus007,Mark004,6/3/2019,1,787,"INR",-0.03,-3.06,105.06
Prod009,Cus010,Mark003,6/3/2019,1,458,"INR",-0.24,-15.6,80.6
Prod011,Cus007,Mark004,6/3/2019,1,796,"INR",-0.26,-53.04,257.04
Prod009,Cus003,Mark003,5/31/2019,3,4444,INR,0.13,26.52,177.48
Prod009,Cus003,Mark003,5/31/2019,3,4444,"INR",0.21,13.65,51.35
Prod009,Cus010,Mark003,5/29/2019,1,458,INR,-0.21,-13.65,78.65
Prod009,Cus010,Mark003,5/29/2019,1,458,"INR",0.35,35.7,66.3
Prod009,Cus010,Mark003,5/28/2019,1,1824,INR,-0.11,-7.15,72.15
Prod009,Cus010,Mark003,5/28/2019,1,1824,"INR",-0.14,-28.56,232.56
Prod009,Cus010,Mark003,5/23/2019,1,912,INR,-0.24,-24.48,126.48
Prod009,Cus010,Mark003,5/23/2019,1,912,"INR",0.29,18.85,46.15
Prod009,Cus010,Mark003,5/22/2019,2,3194,INR,-0.1,-6.5,71.5
Prod009,Cus010,Mark003,5/22/2019,2,3194,"INR",0.2,13,52
Prod005,Cus007,Mark004,5/17/2019,1,1102,INR,0.09,18.36,185.64
Prod005,Cus007,Mark004,5/17/2019,1,1102,"INR",-0.31,-20.15,85.15
Prod016,Cus005,Mark004,5/17/2019,1,306,"INR",-0.16,-10.4,75.4
Prod005,Cus007,Mark004,5/10/2019,1,787,INR,0.26,26.52,75.48
Prod005,Cus007,Mark004,5/10/2019,1,787,"INR",0.21,13.65,51.35
Prod016,Cus021,Mark005,5/8/2019,182,153815,"INR",-0.3,-30.6,132.6
Prod005,Cus007,Mark004,5/6/2019,1,315,INR,0.15,15.3,86.7
Prod005,Cus007,Mark004,5/6/2019,1,315,"INR",0.19,12.35,52.65
Prod010,Cus003,Mark003,4/30/2019,1,0,INR,0.16,16.32,85.68
Prod010,Cus003,Mark003,4/30/2019,1,0,"INR",0.16,10.4,54.6
Prod005,Cus007,Mark004,4/29/2019,1,472,INR,-0.29,-29.58,131.58
Prod005,Cus007,Mark004,4/29/2019,1,472,"INR",-0.24,-24.48,126.48
Prod005,Cus007,Mark004,4/23/2019,1,630,INR,0.09,5.85,59.15
Prod005,Cus007,Mark004,4/23/2019,1,630,"INR",0.12,7.8,57.2
Prod005,Cus007,Mark004,4/12/2019,1,787,INR,0.36,36.72,65.28
Prod011,Cus007,Mark004,4/12/2019,1,796,INR,-0.3,-19.5,84.5
Prod005,Cus007,Mark004,4/12/2019,1,787,"INR",-0.14,-28.56,232.56
Prod011,Cus007,Mark004,4/12/2019,1,796,"INR",-0.26,-16.9,81.9
Prod005,Cus007,Mark004,4/5/2019,1,315,INR,-0.2,-40.8,244.8
Prod005,Cus007,Mark004,4/5/2019,1,315,"INR",0.33,67.32,136.68
Prod005,Cus007,Mark004,3/29/2019,1,315,INR,-0.09,-18.36,222.36
Prod005,Cus007,Mark004,3/29/2019,1,315,"INR",-0.12,-12.24,114.24
Prod010,Cus003,Mark003,3/28/2019,1,444,INR,0.39,79.56,124.44
Prod010,Cus003,Mark003,3/28/2019,1,444,"INR",0.1,10.2,91.8
Prod005,Cus007,Mark004,3/22/2019,1,315,INR,0.04,8.16,195.84
Prod005,Cus007,Mark004,3/22/2019,1,315,"INR",0.18,18.36,83.64
Prod016,Cus006,Mark004,3/22/2019,30,54079,"INR",0.13,26.52,177.48
Prod005,Cus007,Mark004,3/15/2019,1,157,INR,-0.07,-4.55,69.55
Prod005,Cus007,Mark004,3/15/2019,1,157,"INR",-0.23,-46.92,250.92
Prod016,Cus006,Mark004,3/15/2019,50,90130,"INR",-0.12,-24.48,228.48
Prod010,Cus003,Mark003,3/13/2019,1,444,INR,-0.06,-6.12,108.12
Prod010,Cus003,Mark003,3/13/2019,1,444,"INR",0.06,6.12,95.88
Prod005,Cus007,Mark004,3/8/2019,1,315,INR,0.09,9.18,92.82
Prod011,Cus016,Mark002,3/8/2019,1,1028,INR,0.07,7.14,94.86
Prod005,Cus007,Mark004,3/8/2019,1,315,"INR",0.23,23.46,78.54
Prod011,Cus016,Mark002,3/8/2019,1,1028,"INR",-0.11,-11.22,113.22
Prod005,Cus007,Mark004,3/1/2019,1,472,INR,0.02,1.3,63.7
Prod011,Cus016,Mark002,3/1/2019,1,514,INR,-0.32,-20.8,85.8
Prod005,Cus007,Mark004,3/1/2019,1,472,"INR",-0.11,-11.22,113.22
Prod011,Cus016,Mark002,3/1/2019,1,514,"INR",-0.31,-31.62,133.62
Prod005,Cus007,Mark004,2/22/2019,1,315,INR,0.36,23.4,41.6
Prod011,Cus007,Mark004,2/22/2019,1,796,INR,0.29,18.85,46.15
Prod011,Cus016,Mark002,2/22/2019,1,1542,INR,0.4,40.8,61.2
Prod005,Cus007,Mark004,2/22/2019,1,315,"INR",-0.15,-30.6,234.6
Prod011,Cus007,Mark004,2/22/2019,1,796,"INR",0.2,40.8,163.2
Prod011,Cus016,Mark002,2/22/2019,1,1542,"INR",0.18,11.7,53.3
Prod010,Cus003,Mark003,2/20/2019,1,449,INR,0.36,36.72,65.28
Prod010,Cus003,Mark003,2/20/2019,1,449,"INR",0.18,18.36,83.64
Prod018,Cus022,Mark002,2/18/2019,3,6125,"INR",0.19,12.35,52.65
Prod018,Cus025,Mark002,2/18/2019,8,17495,"INR",-0.05,-3.25,68.25
Prod005,Cus007,Mark004,2/15/2019,1,472,INR,0.14,14.28,87.72
Prod011,Cus016,Mark002,2/15/2019,1,2056,INR,0.02,2.04,99.96
Prod005,Cus007,Mark004,2/15/2019,1,472,"INR",0.02,1.3,63.7
Prod011,Cus016,Mark002,2/15/2019,1,2056,"INR",0.27,27.54,74.46
Prod018,Cus016,Mark002,2/15/2019,62,129546,"INR",0.36,73.44,130.56
Prod018,Cus022,Mark002,2/15/2019,4,9190,"INR",0.12,24.48,179.52
Prod018,Cus022,Mark002,2/15/2019,13,28269,"INR",-0.19,-38.76,242.76
Prod018,Cus022,Mark002,2/14/2019,7,15315,"INR",-0.19,-19.38,121.38
Prod018,Cus025,Mark002,2/14/2019,6,13995,"INR",-0.09,-5.85,70.85
Prod018,Cus022,Mark002,2/14/2019,13,28269,"INR",-0.33,-21.45,86.45
Prod018,Cus022,Mark002,2/13/2019,12,27565,"INR",-0.16,-32.64,236.64
Prod018,Cus022,Mark002,2/12/2019,5,12250,"INR",0.08,8.16,93.84
Prod018,Cus022,Mark002,2/12/2019,13,28269,"INR",0.09,18.36,185.64
Prod018,Cus025,Mark002,2/11/2019,8,17495,"INR",-0.03,-1.95,66.95
Prod005,Cus007,Mark004,2/8/2019,1,472,INR,-0.34,-69.36,273.36
Prod011,Cus016,Mark002,2/8/2019,1,1028,INR,0.17,17.34,84.66
Prod005,Cus007,Mark004,2/8/2019,1,472,"INR",-0.11,-11.22,113.22
Prod011,Cus016,Mark002,2/8/2019,1,1028,"INR",-0.05,-5.1,107.1
Prod018,Cus016,Mark002,2/8/2019,26,55167,"INR",-0.26,-16.9,81.9
Prod018,Cus022,Mark002,2/8/2019,13,28269,"INR",0.07,14.28,189.72
Prod018,Cus022,Mark002,2/7/2019,11,24500,"INR",-0.17,-34.68,238.68
Prod018,Cus025,Mark002,2/7/2019,15,34986,"INR",0.24,48.96,155.04
Prod018,Cus022,Mark002,2/7/2019,13,28269,"INR",-0.28,-57.12,261.12
Prod016,Cus006,Mark004,2/6/2019,112,106560,"INR",-0.31,-31.62,133.62
Prod018,Cus023,Mark002,2/5/2019,1,722,"INR",-0.35,-22.75,87.75
Prod010,Cus003,Mark003,2/4/2019,1,449,INR,0.15,30.6,173.4
Prod010,Cus003,Mark003,2/4/2019,1,449,"INR",-0.1,-6.5,71.5
Prod018,Cus016,Mark002,2/4/2019,34,71231,"INR",0.19,12.35,52.65
Prod005,Cus007,Mark004,2/1/2019,1,157,INR,0.1,6.5,58.5
Prod011,Cus016,Mark002,2/1/2019,1,514,INR,-0.01,-1.02,103.02
Prod005,Cus007,Mark004,2/1/2019,1,157,"INR",0.4,26,39
Prod011,Cus016,Mark002,2/1/2019,1,514,"INR",-0.07,-7.14,109.14
Prod018,Cus016,Mark002,2/1/2019,15,31421,"INR",-0.26,-16.9,81.9
Prod018,Cus022,Mark002,1/31/2019,8,18375,"INR",0.27,17.55,47.45
Prod018,Cus025,Mark002,1/31/2019,18,41981,"INR",0.09,5.85,59.15
Prod018,Cus022,Mark002,1/31/2019,13,28269,"INR",-0.22,-14.3,79.3
Prod018,Cus023,Mark002,1/31/2019,1,722,"INR",-0.13,-13.26,115.26
Prod018,Cus025,Mark002,1/30/2019,45,104958,"INR",-0.1,-6.5,71.5
Prod011,Cus016,Mark002,1/28/2019,1,514,INR,-0.09,-9.18,111.18
Prod011,Cus016,Mark002,1/28/2019,1,514,"INR",-0.08,-8.16,110.16
Prod018,Cus016,Mark002,1/28/2019,55,115921,"INR",0.25,16.25,48.75
Prod018,Cus025,Mark002,1/28/2019,24,55977,"INR",-0.09,-9.18,111.18
Prod005,Cus007,Mark004,1/25/2019,1,315,INR,-0.25,-16.25,81.25
Prod010,Cus003,Mark003,1/25/2019,1,449,INR,0.06,6.12,95.88
Prod005,Cus007,Mark004,1/25/2019,1,315,"INR",0.37,37.74,64.26
Prod010,Cus003,Mark003,1/25/2019,1,449,"INR",-0.33,-33.66,135.66
Prod018,Cus022,Mark002,1/25/2019,53,113074,"INR",-0.3,-30.6,132.6
Prod018,Cus022,Mark002,1/24/2019,13,28269,"INR",-0.13,-13.26,115.26
Prod018,Cus025,Mark002,1/21/2019,45,104958,"INR",-0.08,-5.2,70.2
Prod018,Cus023,Mark002,1/21/2019,1,722,"INR",0.05,10.2,193.8
Prod018,Cus016,Mark002,1/18/2019,20,41898,"INR",-0.26,-26.52,128.52
Prod018,Cus022,Mark002,1/18/2019,12,27565,"INR",-0.21,-21.42,123.42
Prod018,Cus022,Mark002,1/17/2019,13,28269,"INR",-0.31,-31.62,133.62
Prod018,Cus022,Mark002,1/16/2019,12,27565,"INR",0.19,12.35,52.65
Prod018,Cus022,Mark002,1/15/2019,13,28269,"INR",-0.19,-19.38,121.38
Prod018,Cus022,Mark002,1/14/2019,1,3065,"INR",-0.18,-11.7,76.7
Prod018,Cus024,Mark002,1/14/2019,1,338,"INR",-0.05,-10.2,214.2
Prod018,Cus016,Mark002,1/11/2019,18,38065,"INR",0.32,20.8,44.2
Prod018,Cus023,Mark002,1/11/2019,1,722,"INR",-0.06,-12.24,216.24
Prod018,Cus022,Mark002,1/10/2019,1,3065,"INR",0.09,18.36,185.64
Prod018,Cus016,Mark002,1/8/2019,8,17458,"INR",-0.05,-3.25,68.25
Prod018,Cus022,Mark002,1/8/2019,12,27565,"INR",-0.29,-18.85,83.85
Prod018,Cus024,Mark002,1/8/2019,1,338,"INR",0.34,22.1,42.9
Prod018,Cus022,Mark002,1/7/2019,1,3065,"INR",0.04,4.08,97.92
Prod018,Cus024,Mark002,1/7/2019,1,338,"INR",-0.1,-10.2,112.2
Prod018,Cus022,Mark002,1/7/2019,27,56532,"INR",-0.18,-11.7,76.7
Prod018,Cus025,Mark002,1/4/2019,27,62977,"INR",-0.22,-22.44,124.44
Prod011,Cus018,Mark002,12/28/2018,1,0,INR,0.31,20.15,44.85
Prod011,Cus018,Mark002,12/28/2018,1,0,"INR",0.15,9.75,55.25
Prod018,Cus022,Mark002,12/28/2018,5,12250,"INR",0.37,37.74,64.26
Prod011,Cus016,Mark002,12/21/2018,1,514,INR,0.33,33.66,68.34
Prod011,Cus016,Mark002,12/21/2018,1,514,"INR",-0.01,-1.02,103.02
Prod018,Cus016,Mark002,12/21/2018,108,226963,"INR",-0.33,-67.32,271.32
Prod018,Cus022,Mark002,12/21/2018,4,9190,"INR",0.1,10.2,91.8
Prod018,Cus022,Mark002,12/21/2018,67,141343,"INR",0.08,8.16,93.84
Prod018,Cus022,Mark002,12/20/2018,3,6125,"INR",-0.17,-17.34,119.34
Prod018,Cus025,Mark002,12/20/2018,72,167935,"INR",0.32,20.8,44.2
Prod018,Cus025,Mark002,12/18/2018,11,24491,"INR",-0.28,-28.56,130.56
Prod018,Cus022,Mark002,12/17/2018,3,6125,"INR",0.01,0.65,64.35
Prod018,Cus025,Mark002,12/17/2018,8,17495,"INR",0.17,11.05,53.95
Prod018,Cus024,Mark002,12/17/2018,1,338,"INR",-0.27,-17.55,82.55
Prod005,Cus007,Mark004,12/14/2018,1,157,INR,-0.07,-7.14,109.14
Prod011,Cus016,Mark002,12/14/2018,1,514,INR,-0.05,-10.2,214.2
Prod005,Cus007,Mark004,12/14/2018,1,157,"INR",0.06,3.9,61.1
Prod011,Cus016,Mark002,12/14/2018,1,514,"INR",0.36,23.4,41.6
Prod018,Cus016,Mark002,12/14/2018,18,38407,"INR",0.23,14.95,50.05
Prod018,Cus022,Mark002,12/14/2018,4,9190,"INR",-0.29,-18.85,83.85
Prod018,Cus016,Mark002,12/13/2018,9,19556,"INR",-0.33,-21.45,86.45
Prod018,Cus022,Mark002,12/13/2018,1,3065,"INR",0.03,1.95,63.05
Prod018,Cus025,Mark002,12/13/2018,8,17495,"INR",-0.23,-23.46,125.46
Prod018,Cus022,Mark002,12/12/2018,1,3065,"INR",-0.28,-18.2,83.2
Prod018,Cus022,Mark002,12/10/2018,1,3065,"INR",0.33,21.45,43.55
Prod018,Cus025,Mark002,12/10/2018,23,52481,"INR",0.31,31.62,70.38
Prod018,Cus022,Mark002,12/10/2018,13,28269,"INR",-0.19,-12.35,77.35
Prod005,Cus007,Mark004,12/7/2018,1,157,INR,-0.15,-15.3,117.3
Prod011,Cus016,Mark002,12/7/2018,1,514,INR,-0.25,-25.5,127.5
Prod005,Cus007,Mark004,12/7/2018,1,157,"INR",-0.26,-16.9,81.9
Prod011,Cus016,Mark002,12/7/2018,1,514,"INR",-0.07,-14.28,218.28
Prod018,Cus016,Mark002,12/7/2018,59,122898,"INR",0.13,8.45,56.55
Prod018,Cus022,Mark002,12/6/2018,1,3065,"INR",-0.25,-25.5,127.5
Prod018,Cus025,Mark002,12/6/2018,15,34986,"INR",-0.1,-6.5,71.5
Prod018,Cus022,Mark002,12/6/2018,13,28269,"INR",-0.05,-3.25,68.25
Prod018,Cus022,Mark002,12/4/2018,1,3065,"INR",0.1,10.2,91.8
Prod018,Cus022,Mark002,12/4/2018,13,28269,"INR",0.11,7.15,57.85
Prod018,Cus022,Mark002,12/3/2018,1,3065,"INR",0.02,2.04,99.96
Prod018,Cus025,Mark002,12/3/2018,8,17495,"INR",-0.29,-59.16,263.16
Prod018,Cus016,Mark002,11/29/2018,22,46444,"INR",-0.35,-71.4,275.4
Prod018,Cus022,Mark002,11/29/2018,1,3065,"INR",0.17,34.68,169.32
Prod018,Cus025,Mark002,11/29/2018,8,17495,"INR",0.35,22.75,42.25
Prod018,Cus022,Mark002,11/29/2018,13,28269,"INR",-0.09,-18.36,222.36
Prod018,Cus022,Mark002,11/27/2018,13,28269,"INR",-0.17,-11.05,76.05
Prod018,Cus023,Mark002,11/27/2018,33,72028,"INR",0.37,37.74,64.26
Prod018,Cus016,Mark002,11/26/2018,58,121509,"INR",-0.09,-9.18,111.18
Prod018,Cus016,Mark002,11/23/2018,6,13264,"INR",-0.25,-51,255
Prod018,Cus022,Mark002,11/23/2018,4,9190,"INR",-0.31,-20.15,85.15
Prod018,Cus023,Mark002,11/23/2018,17,36014,"INR",0.19,19.38,82.62
Prod018,Cus022,Mark002,11/22/2018,3,6125,"INR",-0.14,-14.28,116.28
Prod018,Cus025,Mark002,11/22/2018,23,52481,"INR",0.1,10.2,91.8
Prod018,Cus022,Mark002,11/22/2018,13,28269,"INR",0.06,3.9,61.1
Prod018,Cus022,Mark002,11/21/2018,1,3065,"INR",0.15,15.3,86.7
Prod018,Cus025,Mark002,11/20/2018,8,17495,"INR",0.25,16.25,48.75
Prod018,Cus022,Mark002,11/20/2018,13,28269,"INR",-0.03,-3.06,105.06
Prod005,Cus007,Mark004,11/16/2018,1,472,INR,0.16,32.64,171.36
Prod005,Cus007,Mark004,11/16/2018,1,472,"INR",-0.2,-13,78
Prod018,Cus016,Mark002,11/16/2018,37,77870,"INR",0.02,2.04,99.96
Prod018,Cus022,Mark002,11/16/2018,13,28269,"INR",0.18,11.7,53.3
Prod018,Cus022,Mark002,11/15/2018,3,6125,"INR",0.37,24.05,40.95
Prod018,Cus025,Mark002,11/15/2018,8,17495,"INR",0.24,15.6,49.4
Prod009,Cus009,Mark002,11/14/2018,3,3032,INR,0.15,30.6,173.4
Prod009,Cus009,Mark002,11/14/2018,3,3032,"INR",-0.22,-22.44,124.44
Prod018,Cus022,Mark002,11/14/2018,1,3065,"INR",0.4,26,39
Prod018,Cus022,Mark002,11/13/2018,1,3065,"INR",0.16,32.64,171.36
Prod018,Cus022,Mark002,11/13/2018,13,28269,"INR",-0.05,-5.1,107.1
Prod018,Cus022,Mark002,11/12/2018,3,6125,"INR",0,0,65
Prod018,Cus025,Mark002,11/12/2018,15,34986,"INR",-0.12,-24.48,228.48
Prod018,Cus022,Mark002,11/12/2018,13,28269,"INR",0.01,1.02,100.98
Prod005,Cus007,Mark004,11/9/2018,1,157,INR,-0.2,-40.8,244.8
Prod005,Cus007,Mark004,11/9/2018,1,157,"INR",0.34,22.1,42.9
Prod018,Cus016,Mark002,11/9/2018,21,43991,"INR",0.26,53.04,150.96
Prod018,Cus022,Mark002,11/8/2018,4,9190,"INR",0.13,26.52,177.48
Prod018,Cus025,Mark002,11/8/2018,9,20991,"INR",0.01,0.65,64.35
Prod018,Cus016,Mark002,11/7/2018,11,23394,"INR",0.21,13.65,51.35
Prod011,Cus007,Mark004,11/6/2018,2,5949,INR,0.03,1.95,63.05
Prod011,Cus007,Mark004,11/6/2018,2,5949,"INR",-0.1,-10.2,112.2
Prod018,Cus016,Mark002,11/6/2018,18,38060,"INR",0.02,1.3,63.7
Prod018,Cus025,Mark002,11/6/2018,8,17495,"INR",0.21,13.65,51.35
Prod018,Cus022,Mark002,11/6/2018,13,28269,"INR",0.39,39.78,62.22
Prod011,Cus007,Mark004,11/5/2018,2,5949,INR,-0.03,-1.95,66.95
Prod011,Cus007,Mark004,11/5/2018,2,5949,"INR",-0.35,-35.7,137.7
Prod018,Cus022,Mark002,11/5/2018,4,9190,"INR",0.37,75.48,128.52
Prod018,Cus022,Mark002,11/2/2018,3,6125,"INR",-0.14,-14.28,116.28
Prod018,Cus023,Mark002,11/2/2018,1,722,"INR",0.05,10.2,193.8
Prod018,Cus022,Mark002,11/1/2018,15,33690,"INR",0.03,3.06,98.94
Prod018,Cus022,Mark002,11/1/2018,13,28269,"INR",0.21,13.65,51.35
Prod011,Cus016,Mark002,10/31/2018,3,4106,INR,0.21,21.42,80.58
Prod011,Cus016,Mark002,10/31/2018,3,4106,"INR",-0.1,-6.5,71.5
Prod018,Cus022,Mark002,10/31/2018,1,3065,"INR",0.22,14.3,50.7
Prod018,Cus016,Mark002,10/30/2018,17,35963,"INR",0,0,102
Prod018,Cus022,Mark002,10/30/2018,13,28269,"INR",-0.12,-7.8,72.8
Prod018,Cus022,Mark002,10/29/2018,1,3065,"INR",-0.07,-7.14,109.14
Prod018,Cus025,Mark002,10/29/2018,23,52481,"INR",0.03,1.95,63.05
Prod011,Cus007,Mark004,10/26/2018,1,1190,INR,-0.25,-51,255
Prod011,Cus007,Mark004,10/26/2018,1,1190,"INR",0.29,18.85,46.15
Prod011,Cus007,Mark004,10/25/2018,1,1190,INR,-0.28,-18.2,83.2
Prod011,Cus007,Mark004,10/25/2018,1,1190,"INR",0.21,42.84,161.16
Prod018,Cus022,Mark002,10/25/2018,1,3065,"INR",0.12,7.8,57.2
Prod018,Cus025,Mark002,10/25/2018,17,38486,"INR",0.23,46.92,157.08
Prod018,Cus016,Mark002,10/24/2018,2,4190,"INR",0.39,25.35,39.65
Prod018,Cus016,Mark002,10/23/2018,1,1745,"INR",-0.22,-14.3,79.3
Prod018,Cus023,Mark002,10/23/2018,1,722,"INR",-0.3,-61.2,265.2
Prod018,Cus016,Mark002,10/22/2018,2,3495,"INR",0.09,18.36,185.64
Prod018,Cus022,Mark002,10/22/2018,3,6125,"INR",0.04,2.6,62.4
Prod018,Cus025,Mark002,10/22/2018,3,6995,"INR",0.24,24.48,77.52
Prod007,Cus007,Mark004,10/19/2018,11,6218,INR,0.14,14.28,87.72
Prod007,Cus007,Mark004,10/19/2018,11,6218,"INR",0.1,6.5,58.5
Prod018,Cus022,Mark002,10/19/2018,1,3065,"INR",0.15,30.6,173.4
Prod018,Cus022,Mark002,10/19/2018,13,28269,"INR",-0.07,-4.55,69.55
Prod018,Cus022,Mark002,10/18/2018,1,3065,"INR",0.33,33.66,68.34
Prod018,Cus025,Mark002,10/18/2018,8,17495,"INR",0.19,38.76,165.24
Prod018,Cus023,Mark002,10/18/2018,1,361,"INR",0.27,27.54,74.46
Prod011,Cus007,Mark004,10/17/2018,1,4759,INR,0.35,35.7,66.3
Prod011,Cus007,Mark004,10/17/2018,1,4759,"INR",0.37,75.48,128.52
Prod018,Cus022,Mark002,10/17/2018,1,3065,"INR",-0.04,-2.6,67.6
Prod018,Cus024,Mark002,10/17/2018,1,338,"INR",-0.27,-55.08,259.08
Prod018,Cus022,Mark002,10/17/2018,13,28269,"INR",0.23,14.95,50.05
Prod018,Cus025,Mark002,10/15/2018,8,17495,"INR",-0.1,-10.2,112.2
Prod011,Cus016,Mark002,10/12/2018,1,514,INR,-0.05,-5.1,107.1
Prod011,Cus016,Mark002,10/12/2018,1,514,"INR",-0.28,-18.2,83.2
Prod018,Cus016,Mark002,10/12/2018,8,17463,"INR",0.15,9.75,55.25
Prod018,Cus022,Mark002,10/12/2018,5,12250,"INR",-0.29,-59.16,263.16
Prod018,Cus022,Mark002,10/12/2018,80,169606,"INR",0.31,31.62,70.38
Prod018,Cus022,Mark002,10/11/2018,1,3065,"INR",0.09,5.85,59.15
Prod018,Cus025,Mark002,10/11/2018,8,17495,"INR",-0.2,-40.8,244.8
Prod018,Cus023,Mark002,10/11/2018,1,722,"INR",0.37,75.48,128.52
Prod018,Cus022,Mark002,10/9/2018,4,9190,"INR",0.06,3.9,61.1
Prod018,Cus011,Mark003,10/8/2018,1,1176,"INR",-0.27,-55.08,259.08
Prod018,Cus016,Mark002,10/8/2018,1,1398,"INR",0.22,14.3,50.7
Prod018,Cus022,Mark002,10/8/2018,3,6125,"INR",-0.14,-14.28,116.28
Prod018,Cus022,Mark002,10/3/2018,1,3065,"INR",0.06,6.12,95.88
Prod018,Cus024,Mark002,10/2/2018,1,1019,"INR",-0.27,-55.08,259.08
Prod018,Cus016,Mark002,10/1/2018,6,11519,"INR",-0.09,-9.18,111.18
Prod018,Cus022,Mark002,10/1/2018,1,3065,"INR",-0.04,-2.6,67.6
Prod018,Cus024,Mark002,10/1/2018,1,1356,"INR",-0.34,-34.68,136.68
Prod005,Cus007,Mark004,9/28/2018,1,315,INR,0.32,32.64,69.36
Prod005,Cus007,Mark004,9/28/2018,1,315,"INR",0.08,8.16,93.84
Prod018,Cus022,Mark002,9/28/2018,1,3065,"INR",-0.25,-16.25,81.25
Prod018,Cus023,Mark002,9/28/2018,1,1440,"INR",0.4,26,39
Prod018,Cus022,Mark002,9/27/2018,1,3065,"INR",-0.11,-7.15,72.15
Prod018,Cus016,Mark002,9/26/2018,12,24792,"INR",0.37,24.05,40.95
Prod018,Cus022,Mark002,9/26/2018,1,3065,"INR",-0.1,-10.2,112.2
Prod018,Cus022,Mark002,9/24/2018,1,3065,"INR",-0.06,-6.12,108.12
Prod005,Cus007,Mark004,9/21/2018,1,630,INR,0.05,5.1,96.9
Prod005,Cus007,Mark004,9/21/2018,1,630,"INR",-0.03,-6.12,210.12
Prod018,Cus022,Mark002,9/21/2018,1,3065,"INR",0.12,12.24,89.76
Prod018,Cus022,Mark002,9/21/2018,13,28269,"INR",-0.22,-22.44,124.44
Prod018,Cus022,Mark002,9/19/2018,1,3065,"INR",-0.06,-12.24,216.24
Prod018,Cus024,Mark002,9/18/2018,1,676,"INR",0.31,63.24,140.76
Prod018,Cus022,Mark002,9/17/2018,1,3065,"INR",0.12,24.48,179.52
Prod018,Cus022,Mark002,9/14/2018,3,6125,"INR",-0.06,-6.12,108.12
Prod016,Cus007,Mark004,9/13/2018,36,18167,"INR",0.08,8.16,93.84
Prod018,Cus022,Mark002,9/13/2018,3,6130,"INR",-0.01,-1.02,103.02
Prod018,Cus025,Mark002,9/13/2018,8,17495,"INR",0.19,38.76,165.24
Prod018,Cus023,Mark002,9/13/2018,1,1440,"INR",0.15,15.3,86.7
Prod016,Cus007,Mark004,9/12/2018,227,103889,"INR",0.01,2.04,201.96
Prod018,Cus024,Mark002,9/12/2018,1,681,"INR",0.02,4.08,199.92
Prod018,Cus022,Mark002,9/10/2018,3,6125,"INR",0.11,11.22,90.78
Prod018,Cus022,Mark002,9/7/2018,1,3065,"INR",0.16,32.64,171.36
Prod018,Cus025,Mark002,9/7/2018,26,59477,"INR",-0.13,-26.52,230.52
Prod018,Cus023,Mark002,9/7/2018,1,1079,"INR",-0.25,-25.5,127.5
Prod018,Cus025,Mark002,9/6/2018,15,34986,"INR",-0.12,-24.48,228.48
Prod018,Cus023,Mark002,9/6/2018,1,361,"INR",-0.28,-28.56,130.56
Prod018,Cus022,Mark002,9/4/2018,13,28269,"INR",0.37,75.48,128.52
Prod018,Cus011,Mark003,9/3/2018,40,140157,"INR",-0.19,-19.38,121.38
Prod018,Cus022,Mark002,9/3/2018,1,3065,"INR",0.38,38.76,63.24
Prod018,Cus025,Mark002,9/3/2018,8,17495,"INR",0.25,25.5,76.5
Prod018,Cus022,Mark002,8/31/2018,7,15315,"INR",0.28,28.56,73.44
Prod018,Cus025,Mark002,8/31/2018,20,45481,"INR",-0.18,-36.72,240.72
Prod018,Cus022,Mark002,8/29/2018,1,3065,"INR",0.15,15.3,86.7
Prod018,Cus023,Mark002,8/29/2018,1,361,"INR",0.35,71.4,132.6
Prod018,Cus011,Mark003,8/27/2018,13,45935,"INR",0.27,27.54,74.46
Prod005,Cus007,Mark004,8/24/2018,1,315,INR,0.01,2.04,201.96
Prod005,Cus007,Mark004,8/24/2018,1,315,"INR",-0.06,-6.12,108.12
Prod018,Cus022,Mark002,8/24/2018,3,6125,"INR",-0.31,-63.24,267.24
Prod018,Cus022,Mark002,8/23/2018,3,6125,"INR",0.36,36.72,65.28
Prod018,Cus025,Mark002,8/23/2018,12,27991,"INR",0.13,26.52,177.48
Prod018,Cus022,Mark002,8/22/2018,1,3065,"INR",0.02,2.04,99.96
Prod018,Cus022,Mark002,8/21/2018,5,12250,"INR",0.19,19.38,82.62
Prod018,Cus024,Mark002,8/21/2018,1,338,"INR",0.39,39.78,62.22
Prod018,Cus011,Mark003,8/20/2018,10,36509,"INR",0.12,12.24,89.76
Prod018,Cus022,Mark002,8/17/2018,4,9190,"INR",0.37,37.74,64.26
Prod018,Cus025,Mark002,8/17/2018,15,34986,"INR",-0.21,-42.84,246.84
Prod016,Cus006,Mark004,8/15/2018,2,3324,"INR",-0.13,-26.52,230.52
Prod018,Cus022,Mark002,8/14/2018,1,3065,"INR",0.37,75.48,128.52
Prod018,Cus022,Mark002,8/14/2018,13,28269,"INR",-0.11,-11.22,113.22
Prod018,Cus022,Mark002,8/13/2018,3,6125,"INR",-0.28,-28.56,130.56
Prod018,Cus025,Mark002,8/13/2018,15,34986,"INR",0.29,59.16,144.84
Prod016,Cus006,Mark004,8/10/2018,12,19727,"INR",0.08,8.16,93.84
Prod018,Cus011,Mark003,8/10/2018,13,45935,"INR",0.16,16.32,85.68
Prod018,Cus022,Mark002,8/10/2018,3,6125,"INR",0.37,75.48,128.52
Prod018,Cus022,Mark002,8/9/2018,1,3065,"INR",-0.03,-6.12,210.12
Prod018,Cus025,Mark002,8/9/2018,5,10495,"INR",0.37,37.74,64.26
Prod018,Cus022,Mark002,8/8/2018,3,6125,"INR",-0.31,-63.24,267.24
Prod005,Cus005,Mark004,8/7/2018,5,3093,INR,0.22,22.44,79.56
Prod005,Cus005,Mark004,8/7/2018,5,3093,"INR",0.29,59.16,144.84
Prod016,Cus005,Mark004,8/7/2018,7,6528,"INR",-0.34,-34.68,136.68
Prod016,Cus006,Mark004,8/7/2018,1,477,"INR",0.13,13.26,88.74
Prod018,Cus022,Mark002,8/6/2018,1,3065,"INR",0.28,57.12,146.88
Prod005,Cus007,Mark004,8/3/2018,1,157,INR,-0.14,-28.56,232.56
Prod011,Cus007,Mark004,8/3/2018,1,1593,INR,0.04,8.16,195.84
Prod005,Cus007,Mark004,8/3/2018,1,157,"INR",0.22,44.88,159.12
Prod011,Cus007,Mark004,8/3/2018,1,1593,"INR",0,0,102
Prod016,Cus006,Mark004,8/3/2018,41,70356,"INR",0.17,17.34,84.66
Prod018,Cus022,Mark002,8/3/2018,1,3065,"INR",0.26,26.52,75.48
Prod016,Cus006,Mark004,8/2/2018,1,949,"INR",0.2,20.4,81.6
Prod018,Cus022,Mark002,8/2/2018,1,3065,"INR",-0.27,-55.08,259.08
Prod018,Cus025,Mark002,8/2/2018,24,55977,"INR",0.11,11.22,90.78
Prod016,Cus006,Mark004,8/1/2018,1,477,"INR",0.29,29.58,72.42
Prod018,Cus022,Mark002,8/1/2018,1,3065,"INR",0.06,12.24,191.76
Prod016,Cus006,Mark004,7/31/2018,1,949,"INR",-0.34,-34.68,136.68
Prod010,Cus003,Mark003,7/30/2018,1,1801,INR,0.39,39.78,62.22
Prod010,Cus003,Mark003,7/30/2018,1,1801,"INR",0.23,23.46,78.54
Prod018,Cus022,Mark002,7/30/2018,1,3065,"INR",0.15,15.3,86.7
Prod018,Cus023,Mark002,7/30/2018,1,2162,"INR",0.23,46.92,157.08
Prod011,Cus007,Mark004,7/27/2018,1,796,INR,0.29,29.58,72.42
Prod011,Cus007,Mark004,7/27/2018,1,796,"INR",0.1,20.4,183.6
Prod016,Cus006,Mark004,7/27/2018,3,4273,"INR",-0.22,-22.44,124.44
Prod018,Cus022,Mark002,7/27/2018,1,3065,"INR",0.18,18.36,83.64
Prod016,Cus006,Mark004,7/26/2018,28,40366,"INR",0.34,69.36,134.64
Prod018,Cus022,Mark002,7/26/2018,1,3065,"INR",-0.31,-31.62,133.62
Prod016,Cus006,Mark004,7/25/2018,5,6648,"INR",-0.33,-67.32,271.32
Prod018,Cus022,Mark002,7/25/2018,3,6125,"INR",0.29,18.85,46.15
Prod016,Cus006,Mark004,7/24/2018,23,32764,"INR",0.14,14.28,87.72
Prod010,Cus003,Mark003,7/23/2018,1,1801,INR,0.07,4.55,60.45
Prod010,Cus003,Mark003,7/23/2018,1,1801,"INR",0.34,34.68,67.32
Prod011,Cus007,Mark004,7/20/2018,1,796,INR,-0.31,-20.15,85.15
Prod011,Cus007,Mark004,7/20/2018,1,796,"INR",0.14,28.56,175.44
Prod018,Cus023,Mark002,7/20/2018,1,1440,"INR",-0.18,-36.72,240.72
Prod010,Cus012,Mark003,7/19/2018,1,1616,INR,0.26,16.9,48.1
Prod010,Cus003,Mark003,7/19/2018,1,449,INR,0.22,22.44,79.56
Prod010,Cus012,Mark003,7/19/2018,1,1616,"INR",0.36,23.4,41.6
Prod010,Cus003,Mark003,7/19/2018,1,449,"INR",-0.12,-24.48,228.48
Prod016,Cus006,Mark004,7/19/2018,20,28167,"INR",0.15,15.3,86.7
Prod018,Cus022,Mark002,7/19/2018,3,6125,"INR",0.14,28.56,175.44
Prod018,Cus022,Mark002,7/19/2018,13,28269,"INR",-0.11,-7.15,72.15
Prod010,Cus010,Mark003,7/18/2018,1,472,INR,-0.1,-10.2,112.2
Prod010,Cus003,Mark003,7/18/2018,1,1352,INR,-0.01,-1.02,103.02
Prod010,Cus010,Mark003,7/18/2018,1,472,"INR",0.07,4.55,60.45
Prod010,Cus003,Mark003,7/18/2018,1,1352,"INR",0.4,26,39
Prod018,Cus011,Mark003,7/17/2018,2,7065,"INR",0.22,14.3,50.7
Prod018,Cus022,Mark002,7/17/2018,5,12250,"INR",0.33,21.45,43.55
Prod018,Cus022,Mark002,7/16/2018,1,3065,"INR",-0.31,-31.62,133.62
Prod005,Cus006,Mark004,7/13/2018,1,273,INR,0.01,1.02,100.98
Prod011,Cus007,Mark004,7/13/2018,1,796,INR,0.12,12.24,89.76
Prod005,Cus006,Mark004,7/13/2018,1,273,"INR",0.31,63.24,140.76
Prod011,Cus007,Mark004,7/13/2018,1,796,"INR",-0.04,-2.6,67.6
Prod016,Cus021,Mark005,7/13/2018,173,145921,"INR",-0.08,-5.2,70.2
Prod016,Cus006,Mark004,7/13/2018,1,546,"INR",0.15,15.3,86.7
Prod018,Cus022,Mark002,7/13/2018,1,3065,"INR",0.08,8.16,93.84
Prod018,Cus023,Mark002,7/12/2018,1,2162,"INR",0.18,11.7,53.3
Prod016,Cus006,Mark004,7/11/2018,19,27505,"INR",0.33,21.45,43.55
Prod018,Cus022,Mark002,7/11/2018,1,3065,"INR",-0.02,-2.04,104.04
Prod018,Cus022,Mark002,7/10/2018,1,3065,"INR",0.36,23.4,41.6
Prod018,Cus024,Mark002,7/10/2018,1,338,"INR",-0.15,-15.3,117.3
Prod018,Cus023,Mark002,7/10/2018,1,1440,"INR",0.03,6.12,197.88
Prod011,Cus007,Mark004,7/9/2018,2,5574,INR,0.4,81.6,122.4
Prod011,Cus007,Mark004,7/9/2018,2,5574,"INR",-0.3,-19.5,84.5
Prod018,Cus011,Mark003,7/9/2018,8,29444,"INR",0.33,33.66,68.34
Prod018,Cus022,Mark002,7/9/2018,1,3065,"INR",0.36,23.4,41.6
Prod005,Cus006,Mark004,7/6/2018,3,3574,INR,0.33,67.32,136.68
Prod005,Cus006,Mark004,7/6/2018,3,3574,"INR",0.16,16.32,85.68
Prod016,Cus006,Mark004,7/6/2018,5,7981,"INR",-0.35,-22.75,87.75
Prod018,Cus022,Mark002,7/6/2018,3,6125,"INR",-0.1,-6.5,71.5
Prod018,Cus022,Mark002,7/5/2018,4,9190,"INR",-0.06,-12.24,216.24
Prod005,Cus006,Mark004,7/4/2018,1,273,INR,-0.32,-32.64,134.64
Prod005,Cus006,Mark004,7/4/2018,1,273,"INR",0.05,5.1,96.9
Prod016,Cus006,Mark004,7/4/2018,1,412,"INR",0.26,26.52,75.48
Prod005,Cus006,Mark004,7/3/2018,79,107500,INR,0.24,15.6,49.4
Prod005,Cus006,Mark004,7/3/2018,79,107500,"INR",0.22,14.3,50.7
Prod016,Cus006,Mark004,7/3/2018,79,162292,"INR",-0.27,-17.55,82.55
Prod005,Cus006,Mark004,7/2/2018,93,126296,INR,0.33,67.32,136.68
Prod005,Cus006,Mark004,7/2/2018,93,126296,"INR",-0.13,-8.45,73.45
Prod016,Cus006,Mark004,7/2/2018,119,245546,"INR",-0.24,-15.6,80.6
Prod018,Cus011,Mark003,7/2/2018,16,55356,"INR",0.31,31.62,70.38
Prod018,Cus022,Mark002,7/2/2018,1,3065,"INR",-0.18,-18.36,120.36
Prod005,Cus006,Mark004,6/29/2018,38,52319,INR,-0.33,-33.66,135.66
Prod011,Cus007,Mark004,6/29/2018,1,3185,INR,-0.08,-5.2,70.2
Prod005,Cus006,Mark004,6/29/2018,38,52319,"INR",0.31,63.24,140.76
Prod011,Cus007,Mark004,6/29/2018,1,3185,"INR",-0.12,-12.24,114.24
Prod016,Cus006,Mark004,6/29/2018,38,78986,"INR",-0.26,-26.52,128.52
Prod018,Cus022,Mark002,6/29/2018,1,3065,"INR",0.04,2.6,62.4
Prod016,Cus001,Mark001,6/28/2018,187,115481,"INR",-0.1,-20.4,224.4
Prod018,Cus022,Mark002,6/28/2018,3,6125,"INR",0.05,10.2,193.8
Prod018,Cus023,Mark002,6/28/2018,1,361,"INR",0.13,8.45,56.55
Prod018,Cus022,Mark002,6/27/2018,3,6125,"INR",0.25,25.5,76.5
Prod018,Cus011,Mark003,6/25/2018,6,21199,"INR",-0.09,-9.18,111.18
Prod018,Cus022,Mark002,6/25/2018,1,3065,"INR",0.19,19.38,82.62
Prod011,Cus007,Mark004,6/22/2018,1,2389,INR,0.27,27.54,74.46
Prod011,Cus007,Mark004,6/22/2018,1,2389,"INR",0.06,3.9,61.1
Prod010,Cus010,Mark003,6/21/2018,1,1889,INR,0,0,106
Prod010,Cus010,Mark003,6/21/2018,1,1889,"INR",-0.28,-28.56,130.56
Prod018,Cus022,Mark002,6/21/2018,5,12250,"INR",0.03,1.95,63.05
Prod018,Cus023,Mark002,6/21/2018,1,1440,"INR",-0.18,-19.08,125.08
Prod018,Cus022,Mark002,6/20/2018,1,3065,"INR",0.02,1.3,63.7
Prod018,Cus025,Mark002,6/20/2018,108,251903,"INR",-0.14,-14.28,116.28
Prod018,Cus011,Mark003,6/19/2018,7,25912,"INR",-0.1,-10.2,112.2
Prod018,Cus026,Mark008,6/19/2018,27,52667,"INR",-0.33,-21.45,86.45
Prod018,Cus022,Mark002,6/19/2018,1,3065,"INR",-0.31,-31.62,133.62
Prod018,Cus024,Mark002,6/19/2018,1,338,"INR",0.16,16.32,85.68
Prod018,Cus023,Mark002,6/19/2018,2,4319,"INR",0.32,65.28,138.72
Prod002,Cus004,Mark003,6/18/2018,6,7176,INR,0.28,57.12,146.88
Prod010,Cus011,Mark003,6/18/2018,4,3583,INR,-0.09,-5.85,70.85
Prod010,Cus003,Mark003,6/18/2018,4,4954,INR,0.23,14.95,50.05
Prod011,Cus007,Mark004,6/18/2018,1,796,INR,0.05,10.2,193.8
Prod002,Cus004,Mark003,6/18/2018,6,7176,"INR",-0.28,-28.56,130.56
Prod010,Cus011,Mark003,6/18/2018,4,3583,"INR",-0.25,-16.25,81.25
Prod010,Cus003,Mark003,6/18/2018,4,4954,"INR",-0.23,-23.46,125.46
Prod011,Cus007,Mark004,6/18/2018,1,796,"INR",-0.19,-20.14,126.14
Prod010,Cus003,Mark003,6/15/2018,3,3602,INR,-0.35,-35.7,137.7
Prod010,Cus003,Mark003,6/15/2018,3,3602,"INR",0.34,34.68,67.32
Prod018,Cus022,Mark002,6/15/2018,3,6125,"INR",-0.3,-19.5,84.5
Prod010,Cus012,Mark003,6/14/2018,1,2153,INR,-0.26,-26.52,128.52
Prod010,Cus010,Mark003,6/14/2018,1,472,INR,-0.09,-9.18,111.18
Prod010,Cus003,Mark003,6/14/2018,1,449,INR,0.13,8.45,56.55
Prod010,Cus014,Mark003,6/14/2018,4,5306,INR,-0.04,-4.08,106.08
Prod011,Cus007,Mark004,6/14/2018,1,3185,INR,-0.09,-5.85,70.85
Prod010,Cus012,Mark003,6/14/2018,1,2153,"INR",0.21,13.65,51.35
Prod010,Cus010,Mark003,6/14/2018,1,472,"INR",0.09,18.36,185.64
Prod010,Cus003,Mark003,6/14/2018,1,449,"INR",-0.26,-16.9,81.9
Prod010,Cus014,Mark003,6/14/2018,4,5306,"INR",0.08,16.32,187.68
Prod011,Cus007,Mark004,6/14/2018,1,3185,"INR",0.04,2.6,62.4
Prod018,Cus022,Mark002,6/14/2018,5,12250,"INR",0.12,12.24,89.76
Prod018,Cus023,Mark002,6/14/2018,7,14407,"INR",-0.22,-44.88,248.88
Prod010,Cus003,Mark003,6/13/2018,1,449,INR,-0.06,-12.24,216.24
Prod011,Cus007,Mark004,6/13/2018,1,796,INR,0.15,15.3,86.7
Prod010,Cus003,Mark003,6/13/2018,1,449,"INR",-0.08,-5.2,70.2
Prod011,Cus007,Mark004,6/13/2018,1,796,"INR",-0.18,-19.08,125.08
Prod018,Cus022,Mark002,6/13/2018,1,3065,"INR",0.21,42.84,161.16
Prod018,Cus022,Mark002,6/12/2018,1,3065,"INR",0.33,33.66,68.34
Prod018,Cus024,Mark002,6/12/2018,1,338,"INR",0.16,16.32,85.68
Prod010,Cus003,Mark003,6/11/2018,1,898,INR,-0.14,-28.56,232.56
Prod010,Cus013,Mark003,6/11/2018,3,4940,INR,-0.21,-21.42,123.42
Prod011,Cus007,Mark004,6/11/2018,1,796,INR,0.26,26.52,75.48
Prod010,Cus003,Mark003,6/11/2018,1,898,"INR",-0.19,-19.38,121.38
Prod010,Cus013,Mark003,6/11/2018,3,4940,"INR",0.01,0.65,64.35
Prod011,Cus007,Mark004,6/11/2018,1,796,"INR",0.14,9.1,55.9
Prod018,Cus011,Mark003,6/11/2018,11,40046,"INR",0.01,1.06,104.94
Prod018,Cus022,Mark002,6/11/2018,1,3065,"INR",0.27,55.08,148.92
Prod010,Cus003,Mark003,6/8/2018,1,449,INR,0.25,25.5,76.5
Prod010,Cus014,Mark003,6/8/2018,18,23866,INR,-0.08,-8.48,114.48
Prod010,Cus003,Mark003,6/8/2018,1,449,"INR",0.39,41.34,64.66
Prod010,Cus014,Mark003,6/8/2018,18,23866,"INR",-0.3,-30.6,132.6
Prod017,Cus025,Mark002,6/8/2018,1,2176,"INR",-0.16,-16.96,122.96
Prod010,Cus012,Mark003,6/7/2018,2,2690,INR,-0.01,-2.04,206.04
Prod010,Cus010,Mark003,6/7/2018,1,1417,INR,0.34,22.1,42.9
Prod010,Cus012,Mark003,6/7/2018,2,2690,"INR",-0.06,-6.12,108.12
Prod010,Cus010,Mark003,6/7/2018,1,1417,"INR",-0.01,-0.65,65.65
Prod018,Cus022,Mark002,6/7/2018,3,6125,"INR",-0.04,-2.6,67.6
Prod010,Cus003,Mark003,6/6/2018,3,4495,INR,0.3,19.5,45.5
Prod010,Cus003,Mark003,6/6/2018,3,4495,"INR",0.31,63.24,140.76
Prod012,Cus019,Mark002,6/5/2018,33,29648,INR,-0.07,-14.28,218.28
Prod012,Cus019,Mark002,6/5/2018,33,29648,"INR",0.21,13.65,51.35
Prod018,Cus022,Mark002,6/5/2018,1,3065,"INR",-0.33,-33.66,135.66
Prod017,Cus025,Mark002,6/4/2018,9,21769,"INR",-0.27,-27.54,129.54
Prod018,Cus022,Mark002,6/4/2018,1,3065,"INR",-0.07,-4.55,69.55
Prod010,Cus010,Mark003,6/1/2018,1,472,INR,-0.32,-20.8,85.8
Prod010,Cus003,Mark003,6/1/2018,3,4051,INR,0.19,12.35,52.65
Prod010,Cus013,Mark003,6/1/2018,10,14815,INR,-0.09,-9.18,111.18
Prod010,Cus010,Mark003,6/1/2018,1,472,"INR",-0.07,-7.14,109.14
Prod010,Cus003,Mark003,6/1/2018,3,4051,"INR",0.35,35.7,66.3
Prod010,Cus013,Mark003,6/1/2018,10,14815,"INR",-0.01,-2.04,206.04
Prod018,Cus011,Mark003,6/1/2018,5,16491,"INR",-0.22,-14.3,79.3
Prod018,Cus022,Mark002,6/1/2018,1,3065,"INR",-0.17,-34.68,238.68
Prod010,Cus012,Mark003,5/31/2018,1,537,INR,-0.29,-59.16,263.16
Prod010,Cus010,Mark003,5/31/2018,1,1417,INR,-0.18,-11.7,76.7
Prod010,Cus014,Mark003,5/31/2018,4,5306,INR,0.36,23.4,41.6
Prod011,Cus017,Mark007,5/31/2018,26,26722,INR,0.05,3.25,61.75
Prod010,Cus012,Mark003,5/31/2018,1,537,"INR",0.4,42.4,63.6
Prod010,Cus010,Mark003,5/31/2018,1,1417,"INR",-0.24,-25.44,131.44
Prod010,Cus014,Mark003,5/31/2018,4,5306,"INR",-0.01,-1.02,103.02
Prod011,Cus017,Mark007,5/31/2018,26,26722,"INR",0.02,4.08,199.92
Prod010,Cus010,Mark003,5/30/2018,3,3778,INR,-0.28,-28.56,130.56
Prod010,Cus010,Mark003,5/30/2018,3,3778,"INR",0.29,18.85,46.15
Prod018,Cus022,Mark002,5/30/2018,3,6125,"INR",-0.11,-7.15,72.15
Prod010,Cus014,Mark003,5/29/2018,4,5306,INR,0.32,65.28,138.72
Prod010,Cus014,Mark003,5/29/2018,4,5306,"INR",-0.24,-24.48,126.48
Prod010,Cus003,Mark003,5/28/2018,1,903,INR,0.22,14.3,50.7
Prod010,Cus003,Mark003,5/28/2018,1,903,"INR",-0.07,-14.28,218.28
Prod018,Cus011,Mark003,5/28/2018,4,14134,"INR",0.35,22.75,42.25
Prod010,Cus015,Mark006,5/26/2018,1,0,INR,-0.21,-42.84,246.84
Prod010,Cus015,Mark006,5/26/2018,1,0,"INR",-0.02,-4.08,208.08
Prod010,Cus003,Mark003,5/25/2018,2,2245,INR,-0.34,-34.68,136.68
Prod010,Cus003,Mark003,5/25/2018,2,2245,"INR",0.29,29.58,72.42
Prod018,Cus022,Mark002,5/25/2018,1,3065,"INR",0.39,39.78,62.22
Prod010,Cus012,Mark003,5/24/2018,1,1616,INR,0.35,22.75,42.25
Prod010,Cus012,Mark003,5/24/2018,1,1616,"INR",0.24,48.96,155.04
Prod013,Cus007,Mark004,5/24/2018,6,1968,"INR",0.27,17.55,47.45
Prod018,Cus022,Mark002,5/24/2018,1,3065,"INR",0.11,22.44,181.56
Prod010,Cus003,Mark003,5/23/2018,2,2699,INR,0.18,19.08,86.92
Prod010,Cus003,Mark003,5/23/2018,2,2699,"INR",0.18,18.36,83.64
Prod018,Cus022,Mark002,5/23/2018,1,3065,"INR",0.15,15.9,90.1
Prod018,Cus024,Mark002,5/22/2018,2,3056,"INR",0.36,38.16,67.84
Prod018,Cus024,Mark002,5/21/2018,2,3056,"INR",0.07,14.28,189.72
Prod010,Cus003,Mark003,5/18/2018,1,1801,INR,0.21,42.84,161.16
Prod011,Cus007,Mark004,5/18/2018,1,796,INR,0.21,42.84,161.16
Prod010,Cus003,Mark003,5/18/2018,1,1801,"INR",0.34,36.04,69.96
Prod011,Cus007,Mark004,5/18/2018,1,796,"INR",-0.04,-4.08,106.08
Prod015,Cus007,Mark004,5/18/2018,57,27708,"INR",-0.24,-15.6,80.6
Prod018,Cus011,Mark003,5/18/2018,5,16491,"INR",-0.26,-27.56,133.56
Prod018,Cus022,Mark002,5/18/2018,1,3065,"INR",0.38,38.76,63.24
Prod018,Cus022,Mark002,5/18/2018,13,28269,"INR",0.21,13.65,51.35
Prod010,Cus012,Mark003,5/17/2018,1,2153,INR,0.21,21.42,80.58
Prod010,Cus014,Mark003,5/17/2018,4,5306,INR,0.02,2.04,99.96
Prod010,Cus012,Mark003,5/17/2018,1,2153,"INR",-0.28,-18.2,83.2
Prod010,Cus014,Mark003,5/17/2018,4,5306,"INR",0.33,33.66,68.34
Prod018,Cus011,Mark003,5/17/2018,1,1176,"INR",0.13,13.26,88.74
Prod018,Cus022,Mark002,5/17/2018,3,6125,"INR",-0.15,-9.75,74.75
Prod018,Cus022,Mark002,5/17/2018,27,56537,"INR",-0.05,-3.25,68.25
Prod010,Cus011,Mark003,5/16/2018,1,301,INR,0.2,13,52
Prod010,Cus014,Mark003,5/16/2018,6,7954,INR,0.03,3.18,102.82
Prod010,Cus011,Mark003,5/16/2018,1,301,"INR",0.32,65.28,138.72
Prod010,Cus014,Mark003,5/16/2018,6,7954,"INR",-0.09,-9.18,111.18
Prod018,Cus022,Mark002,5/16/2018,1,3065,"INR",0.34,34.68,67.32
Prod018,Cus022,Mark002,5/16/2018,13,28269,"INR",-0.24,-15.6,80.6
Prod017,Cus024,Mark002,5/15/2018,1,681,"INR",0,0,106
Prod018,Cus024,Mark002,5/15/2018,2,3056,"INR",-0.33,-67.32,271.32
Prod011,Cus007,Mark004,5/14/2018,1,1194,INR,-0.34,-69.36,273.36
Prod011,Cus007,Mark004,5/14/2018,1,1194,"INR",0.05,5.1,96.9
Prod018,Cus022,Mark002,5/14/2018,1,3065,"INR",-0.08,-8.48,114.48
Prod018,Cus024,Mark002,5/14/2018,2,3056,"INR",-0.28,-28.56,130.56
Prod010,Cus003,Mark003,5/11/2018,1,449,INR,0.18,18.36,83.64
Prod010,Cus013,Mark003,5/11/2018,7,9880,INR,0.27,17.55,47.45
Prod010,Cus003,Mark003,5/11/2018,1,449,"INR",-0.01,-1.02,103.02
Prod010,Cus013,Mark003,5/11/2018,7,9880,"INR",-0.15,-9.75,74.75
Prod010,Cus003,Mark003,5/9/2018,1,449,INR,0.06,6.36,99.64
Prod010,Cus003,Mark003,5/9/2018,1,449,"INR",-0.2,-21.2,127.2
Prod018,Cus022,Mark002,5/9/2018,1,3065,"INR",-0.33,-33.66,135.66
Prod018,Cus022,Mark002,5/9/2018,13,28269,"INR",0,0,102
Prod001,Cus002,Mark002,5/8/2018,3,0,INR,0.04,4.08,97.92
Prod001,Cus002,Mark002,5/8/2018,3,0,"INR",0.34,69.36,134.64
Prod017,Cus025,Mark002,5/8/2018,28,65310,"INR",-0.04,-4.24,110.24
Prod010,Cus003,Mark003,5/7/2018,1,449,INR,-0.14,-14.84,120.84
Prod011,Cus007,Mark004,5/7/2018,1,597,INR,0.09,18.36,185.64
Prod010,Cus003,Mark003,5/7/2018,1,449,"INR",-0.11,-22.44,226.44
Prod011,Cus007,Mark004,5/7/2018,1,597,"INR",0.11,11.66,94.34
Prod018,Cus011,Mark003,5/7/2018,6,20023,"INR",0.05,10.2,193.8
Prod010,Cus003,Mark003,5/4/2018,1,449,INR,0.01,1.06,104.94
Prod010,Cus003,Mark003,5/4/2018,1,449,"INR",-0.26,-27.56,133.56
Prod018,Cus022,Mark002,5/4/2018,4,9190,"INR",-0.27,-28.62,134.62
Prod010,Cus012,Mark003,5/3/2018,2,3227,INR,-0.18,-36.72,240.72
Prod010,Cus012,Mark003,5/3/2018,2,3227,"INR",0.31,63.24,140.76
Prod018,Cus022,Mark002,5/3/2018,3,6125,"INR",0.19,12.35,52.65
Prod018,Cus023,Mark002,5/3/2018,1,1380,"INR",0.37,24.05,40.95
Prod018,Cus022,Mark002,4/30/2018,1,3065,"INR",0.04,2.6,62.4
Prod018,Cus024,Mark002,4/30/2018,2,3056,"INR",0.31,63.24,140.76
Prod018,Cus023,Mark002,4/30/2018,1,2065,"INR",0.25,51,153
Prod011,Cus007,Mark004,4/27/2018,2,2986,INR,0.18,19.08,86.92
Prod011,Cus007,Mark004,4/27/2018,2,2986,"INR",0.12,24.48,179.52
Prod018,Cus011,Mark003,4/27/2018,10,34157,"INR",-0.33,-33.66,135.66
Prod018,Cus022,Mark002,4/27/2018,1,3065,"INR",0.22,23.32,82.68
Prod011,Cus007,Mark004,4/26/2018,2,2986,INR,-0.27,-27.54,129.54
Prod011,Cus007,Mark004,4/26/2018,2,2986,"INR",0.05,3.25,61.75
Prod011,Cus017,Mark007,4/24/2018,17,17472,INR,-0.15,-30.6,234.6
Prod011,Cus017,Mark007,4/24/2018,17,17472,"INR",-0.06,-3.9,68.9
Prod013,Cus002,Mark002,4/24/2018,33,30167,"INR",-0.31,-20.15,85.15
Prod018,Cus024,Mark002,4/24/2018,2,3056,"INR",0.11,22.44,181.56
Prod010,Cus011,Mark003,4/23/2018,1,602,INR,-0.32,-32.64,134.64
Prod010,Cus011,Mark003,4/23/2018,1,602,"INR",0.23,24.38,81.62
Prod017,Cus024,Mark002,4/23/2018,1,681,"INR",0.11,11.66,94.34
Prod018,Cus022,Mark002,4/23/2018,1,3065,"INR",0.34,69.36,134.64
Prod018,Cus022,Mark002,4/20/2018,1,3065,"INR",-0.33,-33.66,135.66
Prod017,Cus025,Mark002,4/19/2018,19,43537,"INR",0.4,40.8,61.2
Prod018,Cus022,Mark002,4/19/2018,4,9190,"INR",0.06,12.24,191.76
Prod018,Cus023,Mark002,4/18/2018,2,3444,"INR",-0.28,-18.2,83.2
Prod018,Cus022,Mark002,4/17/2018,1,3065,"INR",-0.18,-36.72,240.72
Prod011,Cus007,Mark004,4/13/2018,1,597,INR,0.25,51,153
Prod011,Cus007,Mark004,4/13/2018,1,597,"INR",-0.25,-25.5,127.5
Prod018,Cus011,Mark003,4/13/2018,11,37690,"INR",0.3,19.5,45.5
Prod018,Cus022,Mark002,4/12/2018,3,6125,"INR",-0.14,-14.84,120.84
Prod018,Cus025,Mark002,4/12/2018,14,32653,"INR",-0.17,-18.02,124.02
Prod002,Cus003,Mark003,4/11/2018,1,583,INR,0.37,37.74,64.26
Prod002,Cus003,Mark003,4/11/2018,1,583,"INR",-0.03,-6.12,210.12
Prod018,Cus023,Mark002,4/11/2018,2,4130,"INR",0.14,14.28,87.72
Prod017,Cus024,Mark002,4/10/2018,1,681,"INR",0.23,23.46,78.54
Prod011,Cus007,Mark004,4/9/2018,1,597,INR,-0.19,-20.14,126.14
Prod011,Cus007,Mark004,4/9/2018,1,597,"INR",0.27,55.08,148.92
Prod002,Cus003,Mark003,4/6/2018,1,875,INR,0.09,9.18,92.82
Prod002,Cus003,Mark003,4/6/2018,1,875,"INR",0.21,42.84,161.16
Prod018,Cus022,Mark002,4/6/2018,5,12250,"INR",-0.11,-22.44,226.44
Prod018,Cus022,Mark002,4/4/2018,1,3065,"INR",0.4,42.4,63.6
Prod011,Cus007,Mark004,4/3/2018,1,597,INR,0.09,18.36,185.64
Prod011,Cus007,Mark004,4/3/2018,1,597,"INR",0.12,7.8,57.2
Prod018,Cus022,Mark002,3/29/2018,1,3065,"INR",0.18,36.72,167.28
Prod018,Cus023,Mark002,3/29/2018,1,1380,"INR",0.2,21.2,84.8
Prod018,Cus022,Mark002,3/28/2018,1,3065,"INR",0.39,79.56,124.44
Prod018,Cus022,Mark002,3/27/2018,1,3065,"INR",0.11,11.22,90.78
Prod018,Cus022,Mark002,3/23/2018,1,3065,"INR",-0.15,-9.75,74.75
Prod018,Cus023,Mark002,3/23/2018,1,690,"INR",0.18,11.7,53.3
Prod014,Cus007,Mark004,3/22/2018,17,6713,"INR",-0.35,-37.1,143.1
Prod018,Cus022,Mark002,3/21/2018,1,3065,"INR",0.33,67.32,136.68
Prod018,Cus023,Mark002,3/21/2018,1,343,"INR",0.16,32.64,171.36
Prod018,Cus022,Mark002,3/20/2018,1,3065,"INR",0.04,4.24,101.76
Prod018,Cus022,Mark002,3/19/2018,1,3065,"INR",-0.08,-16.32,220.32
Prod018,Cus025,Mark002,3/19/2018,5,10884,"INR",-0.08,-16.32,220.32
Prod018,Cus022,Mark002,3/15/2018,3,6130,"INR",-0.18,-18.36,120.36
Prod011,Cus007,Mark004,3/12/2018,1,1194,INR,0.05,3.25,61.75
Prod011,Cus007,Mark004,3/12/2018,1,1194,"INR",0.14,28.56,175.44
Prod018,Cus022,Mark002,3/9/2018,1,3065,"INR",-0.22,-14.3,79.3
Prod018,Cus022,Mark002,3/8/2018,1,3065,"INR",0.24,25.44,80.56
Prod018,Cus022,Mark002,3/6/2018,1,3065,"INR",0.18,36.72,167.28
Prod011,Cus007,Mark004,3/5/2018,8,13736,INR,-0.16,-16.96,122.96
Prod011,Cus007,Mark004,3/5/2018,8,13736,"INR",-0.18,-19.08,125.08
Prod018,Cus022,Mark002,3/5/2018,1,3065,"INR",-0.3,-19.5,84.5
Prod011,Cus007,Mark004,3/2/2018,1,1194,INR,-0.08,-16.32,220.32
Prod011,Cus007,Mark004,3/2/2018,1,1194,"INR",0.19,19.38,82.62
Prod018,Cus016,Mark002,3/2/2018,2,3843,"INR",-0.11,-7.15,72.15
Prod011,Cus016,Mark002,3/1/2018,1,593,INR,0.3,61.2,142.8
Prod011,Cus016,Mark002,3/1/2018,1,593,"INR",0.21,21.42,80.58
Prod018,Cus023,Mark002,3/1/2018,1,1380,"INR",-0.1,-6.5,71.5
Prod011,Cus007,Mark004,2/26/2018,1,2389,INR,0.31,20.15,44.85
Prod011,Cus007,Mark004,2/26/2018,1,2389,"INR",0.22,23.32,82.68
Prod018,Cus022,Mark002,2/26/2018,1,3065,"INR",-0.05,-5.1,107.1
Prod004,Cus007,Mark004,2/23/2018,1,167,INR,0.13,8.45,56.55
Prod004,Cus007,Mark004,2/23/2018,1,167,"INR",0.27,17.55,47.45
Prod018,Cus016,Mark002,2/23/2018,5,10824,"INR",0.35,35.7,66.3
Prod016,Cus007,Mark004,2/22/2018,1,245,"INR",0.32,65.28,138.72
Prod017,Cus022,Mark002,2/22/2018,6,12014,"INR",0.37,37.74,64.26
Prod018,Cus016,Mark002,2/22/2018,1,347,"INR",0.28,28.56,73.44
Prod018,Cus022,Mark002,2/22/2018,3,6125,"INR",-0.26,-26.52,128.52
Prod004,Cus007,Mark004,2/21/2018,26,10657,INR,-0.22,-14.3,79.3
Prod004,Cus007,Mark004,2/21/2018,26,10657,"INR",0.15,15.3,86.7
Prod011,Cus007,Mark004,2/16/2018,1,597,INR,0.39,25.35,39.65
Prod011,Cus007,Mark004,2/16/2018,1,597,"INR",0.09,9.54,96.46
Prod018,Cus026,Mark008,2/16/2018,13,26333,"INR",-0.32,-33.92,139.92
Prod013,Cus007,Mark004,2/14/2018,10,4028,"INR",0.37,37.74,64.26
Prod006,Cus007,Mark004,2/12/2018,1,560,INR,-0.35,-22.75,87.75
Prod006,Cus007,Mark004,2/12/2018,1,560,"INR",0.08,8.48,97.52
Prod018,Cus026,Mark008,2/12/2018,13,26333,"INR",-0.11,-11.22,113.22
Prod013,Cus007,Mark004,2/9/2018,125,47074,"INR",-0.06,-6.12,108.12
Prod017,Cus016,Mark002,2/9/2018,1,699,"INR",0.27,55.08,148.92
Prod018,Cus023,Mark002,2/9/2018,1,1380,"INR",0.29,30.74,75.26
Prod011,Cus016,Mark002,2/8/2018,1,593,INR,-0.03,-6.12,210.12
Prod011,Cus016,Mark002,2/8/2018,1,593,"INR",0.39,79.56,124.44
Prod013,Cus007,Mark004,2/8/2018,105,40704,"INR",0.01,1.06,104.94
Prod013,Cus007,Mark004,2/6/2018,208,77931,"INR",-0.05,-10.2,214.2
Prod017,Cus024,Mark002,2/6/2018,1,681,"INR",0.03,6.12,197.88
Prod017,Cus016,Mark002,2/2/2018,10,20255,"INR",-0.08,-8.48,114.48
Prod017,Cus016,Mark002,2/1/2018,1,1398,"INR",-0.28,-57.12,261.12
Prod017,Cus024,Mark002,1/29/2018,1,681,"INR",0.08,5.2,59.8
Prod004,Cus007,Mark004,1/22/2018,1,167,INR,0.08,8.16,93.84
Prod004,Cus007,Mark004,1/22/2018,1,167,"INR",0.34,34.68,67.32
Prod013,Cus006,Mark004,1/22/2018,7,8375,"INR",0.4,26,39
Prod018,Cus023,Mark002,1/17/2018,24,48917,"INR",0.1,10.2,91.8
Prod017,Cus024,Mark002,1/16/2018,1,1356,"INR",-0.3,-61.2,265.2
Prod018,Cus023,Mark002,1/16/2018,8,17222,"INR",-0.25,-51,255
Prod013,Cus006,Mark004,1/15/2018,1,356,"INR",0.27,17.55,47.45
Prod017,Cus024,Mark002,1/15/2018,1,1356,"INR",0.1,20.4,183.6
Prod016,Cus007,Mark004,1/12/2018,1,245,"INR",0.13,26.52,177.48
Prod017,Cus016,Mark002,1/12/2018,8,16065,"INR",0.21,42.84,161.16
Prod016,Cus005,Mark006,1/10/2018,5,0,"INR",-0.35,-35.7,137.7
Prod004,Cus007,Mark004,1/8/2018,1,833,INR,-0.03,-1.95,66.95
Prod004,Cus007,Mark004,1/8/2018,1,833,"INR",-0.35,-35.7,137.7
Prod017,Cus023,Mark002,1/8/2018,23,48231,"INR",-0.21,-13.65,78.65
Prod004,Cus007,Mark004,1/5/2018,1,167,INR,0.2,20.4,81.6
Prod004,Cus007,Mark004,1/5/2018,1,167,"INR",-0.09,-9.54,115.54
Prod017,Cus016,Mark002,1/5/2018,31,65648,"INR",0.26,26.52,75.48
Prod017,Cus016,Mark002,1/2/2018,2,4194,"INR",-0.21,-13.65,78.65
Prod017,Cus024,Mark002,1/2/2018,1,2713,"INR",-0.22,-23.32,129.32
Prod004,Cus007,Mark004,12/28/2017,1,167,INR,0.01,1.02,100.98
Prod004,Cus007,Mark004,12/28/2017,1,167,"INR",-0.05,-10.2,214.2
Prod004,Cus007,Mark004,12/27/2017,2,1833,INR,-0.08,-8.16,110.16
Prod004,Cus007,Mark004,12/27/2017,2,1833,"INR",0.22,14.3,50.7
Prod017,Cus016,Mark002,12/22/2017,15,32125,"INR",-0.05,-5.3,111.3
Prod017,Cus023,Mark002,12/22/2017,7,13778,"INR",0.4,42.4,63.6
Prod017,Cus016,Mark002,12/21/2017,3,5588,"INR",-0.32,-20.8,85.8
Prod004,Cus005,Mark004,12/19/2017,1,218,INR,-0.19,-19.38,121.38
Prod006,Cus008,Mark005,12/19/2017,1,657,INR,0,0,65
Prod004,Cus005,Mark004,12/19/2017,1,218,"INR",0.06,6.36,99.64
Prod006,Cus008,Mark005,12/19/2017,1,657,"INR",-0.1,-10.2,112.2
Prod017,Cus024,Mark002,12/19/2017,1,681,"INR",-0.35,-35.7,137.7
Prod004,Cus007,Mark004,12/18/2017,1,1000,INR,0.31,31.62,70.38
Prod004,Cus007,Mark004,12/18/2017,1,1000,"INR",-0.18,-11.7,76.7
Prod017,Cus024,Mark002,12/18/2017,1,1356,"INR",0.39,25.35,39.65
Prod013,Cus006,Mark004,12/15/2017,1,356,"INR",-0.03,-3.18,109.18
Prod017,Cus016,Mark002,12/15/2017,20,41199,"INR",0.15,9.75,55.25
Prod017,Cus016,Mark002,12/14/2017,3,6287,"INR",-0.05,-5.3,111.3
Prod006,Cus007,Mark004,12/12/2017,1,560,INR,0.03,1.95,63.05
Prod006,Cus007,Mark004,12/12/2017,1,560,"INR",0.22,22.44,79.56
Prod017,Cus023,Mark002,12/12/2017,1,1380,"INR",0.32,32.64,69.36
Prod004,Cus007,Mark004,12/11/2017,1,833,INR,-0.05,-3.25,68.25
Prod006,Cus008,Mark005,12/11/2017,1,657,INR,0.13,8.45,56.55
Prod004,Cus007,Mark004,12/11/2017,1,833,"INR",0.14,9.1,55.9
Prod006,Cus008,Mark005,12/11/2017,1,657,"INR",-0.22,-14.3,79.3
Prod004,Cus007,Mark004,12/8/2017,1,167,INR,-0.35,-37.1,143.1
Prod004,Cus007,Mark004,12/8/2017,1,167,"INR",0.21,22.26,83.74
Prod017,Cus016,Mark002,12/8/2017,9,18852,"INR",0.14,14.84,91.16
Prod017,Cus016,Mark002,12/7/2017,2,4190,"INR",-0.18,-11.7,76.7
Prod017,Cus023,Mark002,12/7/2017,1,2755,"INR",-0.17,-11.05,76.05
Prod017,Cus023,Mark002,12/6/2017,2,3444,"INR",0.39,41.34,64.66
Prod013,Cus020,Mark004,12/5/2017,4,7171,"INR",0.39,41.34,64.66
Prod003,Cus006,Mark004,12/4/2017,58,30306,INR,0.1,6.5,58.5
Prod004,Cus007,Mark004,12/4/2017,1,833,INR,0.37,39.22,66.78
Prod003,Cus006,Mark004,12/4/2017,58,30306,"INR",0.29,18.85,46.15
Prod004,Cus007,Mark004,12/4/2017,1,833,"INR",-0.09,-5.85,70.85
Prod016,Cus007,Mark004,12/4/2017,9,13407,"INR",0.16,10.4,54.6
Prod014,Cus007,Mark004,12/1/2017,1,495,"INR",0.34,22.1,42.9
Prod016,Cus007,Mark004,12/1/2017,1,1218,"INR",-0.29,-18.85,83.85
Prod017,Cus016,Mark002,12/1/2017,13,26537,"INR",0.15,15.3,86.7
Prod003,Cus005,Mark004,11/30/2017,35,19213,INR,0.39,41.34,64.66
Prod003,Cus005,Mark004,11/30/2017,35,19213,"INR",-0.09,-9.54,115.54
Prod017,Cus023,Mark002,11/30/2017,22,44782,"INR",-0.27,-27.54,129.54
Prod003,Cus005,Mark004,11/29/2017,184,101194,INR,-0.33,-21.45,86.45
Prod004,Cus005,Mark004,11/29/2017,17,9426,INR,-0.09,-9.54,115.54
Prod003,Cus005,Mark004,11/29/2017,184,101194,"INR",0.38,40.28,65.72
Prod004,Cus005,Mark004,11/29/2017,17,9426,"INR",0.33,34.98,71.02
Prod003,Cus005,Mark004,11/28/2017,310,170185,INR,0.3,30.6,71.4
Prod003,Cus005,Mark004,11/28/2017,310,170185,"INR",0.24,15.6,49.4
Prod003,Cus005,Mark004,11/27/2017,35,19213,INR,-0.1,-10.6,116.6
Prod004,Cus007,Mark004,11/27/2017,1,500,INR,-0.2,-21.2,127.2
Prod006,Cus007,Mark004,11/27/2017,1,1116,INR,-0.17,-18.02,124.02
Prod003,Cus005,Mark004,11/27/2017,35,19213,"INR",0.16,16.96,89.04
Prod004,Cus007,Mark004,11/27/2017,1,500,"INR",-0.33,-21.45,86.45
Prod006,Cus007,Mark004,11/27/2017,1,1116,"INR",0.2,13,52
Prod017,Cus024,Mark002,11/27/2017,1,681,"INR",-0.02,-1.3,66.3
Prod008,Cus007,Mark004,11/24/2017,33,15278,INR,0.32,33.92,72.08
Prod008,Cus007,Mark004,11/24/2017,33,15278,"INR",0.39,41.34,64.66
Prod016,Cus007,Mark004,11/24/2017,8,10972,"INR",-0.04,-2.6,67.6
Prod017,Cus016,Mark002,11/24/2017,3,6991,"INR",0.17,18.02,87.98
Prod003,Cus005,Mark004,11/23/2017,39,21412,INR,-0.31,-32.86,138.86
Prod003,Cus005,Mark004,11/23/2017,39,21412,"INR",-0.18,-11.7,76.7
Prod017,Cus016,Mark002,11/23/2017,1,2792,"INR",-0.03,-1.95,66.95
Prod003,Cus005,Mark004,11/22/2017,36,18750,INR,0,0,106
Prod003,Cus005,Mark004,11/22/2017,36,18750,"INR",0.14,14.28,87.72
Prod013,Cus005,Mark004,11/22/2017,1,296,"INR",-0.28,-18.2,83.2
Prod013,Cus006,Mark004,11/22/2017,7,8375,"INR",0.39,39.78,62.22
Prod016,Cus005,Mark004,11/21/2017,1,157,"INR",0.24,25.44,80.56
Prod003,Cus005,Mark004,11/20/2017,59,37500,INR,-0.25,-16.25,81.25
Prod008,Cus007,Mark004,11/20/2017,7,2426,INR,-0.35,-37.1,143.1
Prod003,Cus005,Mark004,11/20/2017,59,37500,"INR",0.25,16.25,48.75
Prod008,Cus007,Mark004,11/20/2017,7,2426,"INR",-0.32,-20.8,85.8
Prod014,Cus007,Mark004,11/20/2017,3,1366,"INR",-0.01,-1.06,107.06
Prod017,Cus023,Mark002,11/20/2017,33,68898,"INR",-0.25,-16.25,81.25
Prod004,Cus007,Mark004,11/17/2017,1,333,INR,0.04,4.08,97.92
Prod004,Cus007,Mark004,11/17/2017,1,333,"INR",-0.26,-16.9,81.9
Prod017,Cus016,Mark002,11/17/2017,1,2792,"INR",-0.14,-9.1,74.1
Prod004,Cus007,Mark004,11/16/2017,1,333,INR,-0.32,-33.92,139.92
Prod004,Cus007,Mark004,11/16/2017,1,333,"INR",0.13,26.52,177.48
Prod013,Cus007,Mark004,11/14/2017,1,1977,"INR",0.04,4.24,101.76
Prod004,Cus007,Mark004,11/10/2017,1,500,INR,0.29,29.58,72.42
Prod004,Cus007,Mark004,11/10/2017,1,500,"INR",0,0,65
Prod017,Cus016,Mark002,11/10/2017,2,4889,"INR",-0.2,-13,78
Prod013,Cus006,Mark004,11/8/2017,1,356,INR,-0.13,-13.78,119.78
Prod013,Cus006,Mark004,11/8/2017,1,356,"INR",0.15,15.9,90.1
Prod004,Cus007,Mark004,11/6/2017,1,333,INR,-0.34,-22.1,87.1
Prod004,Cus007,Mark004,11/6/2017,1,333,"INR",-0.29,-18.85,83.85
Prod017,Cus016,Mark002,11/6/2017,1,2796,"INR",0.36,38.16,67.84
Prod004,Cus007,Mark004,11/3/2017,1,167,INR,0.29,18.85,46.15
Prod013,Cus005,Mark004,11/3/2017,1,296,INR,-0.11,-7.15,72.15
Prod004,Cus007,Mark004,11/3/2017,1,167,"INR",0.24,25.44,80.56
Prod013,Cus005,Mark004,11/3/2017,1,296,"INR",0.22,22.44,79.56
Prod017,Cus016,Mark002,11/3/2017,6,12574,"INR",-0.17,-11.05,76.05
Prod013,Cus020,Mark004,11/2/2017,13,23898,INR,-0.33,-21.45,86.45
Prod013,Cus020,Mark004,11/2/2017,13,23898,"INR",-0.09,-5.85,70.85
Prod006,Cus007,Mark004,10/30/2017,1,560,INR,-0.29,-30.74,136.74
Prod006,Cus007,Mark004,10/30/2017,1,560,"INR",0.34,36.04,69.96
Prod004,Cus007,Mark004,10/27/2017,1,551,INR,0.26,16.9,48.1
Prod011,Cus016,Mark002,10/27/2017,25,37889,INR,-0.32,-20.8,85.8
Prod004,Cus007,Mark004,10/27/2017,1,551,"INR",-0.28,-28.56,130.56
Prod011,Cus016,Mark002,10/27/2017,25,37889,"INR",0.05,5.3,100.7
Prod017,Cus016,Mark002,10/27/2017,6,11870,"INR",-0.14,-14.84,120.84
Prod006,Cus007,Mark004,10/25/2017,1,560,INR,0.27,28.62,77.38
Prod013,Cus007,Mark004,10/25/2017,1,986,INR,0.4,26,39
Prod006,Cus007,Mark004,10/25/2017,1,560,"INR",0.1,6.5,58.5
Prod013,Cus007,Mark004,10/25/2017,1,986,"INR",0.39,25.35,39.65
Prod017,Cus023,Mark002,10/25/2017,1,1380,"INR",0.17,18.02,87.98
Prod006,Cus005,Mark004,10/24/2017,1,380,INR,-0.24,-24.48,126.48
Prod006,Cus005,Mark004,10/24/2017,1,380,"INR",0.15,15.9,90.1
Prod013,Cus006,Mark004,10/23/2017,20,25130,INR,-0.04,-4.08,106.08
Prod013,Cus006,Mark004,10/23/2017,20,25130,"INR",0.36,36.72,65.28
Prod011,Cus016,Mark002,10/20/2017,1,2023,INR,0.08,8.16,93.84
Prod011,Cus016,Mark002,10/20/2017,1,2023,"INR",0.3,31.8,74.2
Prod016,Cus005,Mark004,10/17/2017,7,7644,"INR",-0.15,-9.75,74.75
Prod013,Cus007,Mark004,10/16/2017,1,495,INR,0.08,8.48,97.52
Prod013,Cus007,Mark004,10/16/2017,1,495,"INR",0.07,7.42,98.58
Prod004,Cus007,Mark004,10/13/2017,1,556,INR,-0.16,-16.96,122.96
Prod011,Cus016,Mark002,10/13/2017,1,1514,INR,-0.33,-34.98,140.98
Prod004,Cus007,Mark004,10/13/2017,1,556,"INR",-0.22,-22.44,124.44
Prod011,Cus016,Mark002,10/13/2017,1,1514,"INR",-0.21,-13.65,78.65
Prod016,Cus007,Mark004,10/13/2017,1,537,"INR",-0.2,-40.8,244.8
Prod017,Cus016,Mark002,10/13/2017,2,3495,"INR",0.17,34.68,169.32
Prod017,Cus023,Mark002,10/13/2017,1,2065,"INR",0.11,22.44,181.56
Prod017,Cus016,Mark002,10/12/2017,2,4889,"INR",-0.08,-8.48,114.48
Prod013,Cus005,Mark004,10/11/2017,7,6204,INR,0.29,29.58,72.42
Prod013,Cus005,Mark004,10/11/2017,7,6204,"INR",-0.02,-2.04,104.04
Prod001,Cus001,Mark001,10/10/2017,100,41241,INR,-0.12,-12.24,114.24
Prod013,Cus001,Mark001,10/10/2017,240,143560,INR,-0.18,-18.36,120.36
Prod001,Cus001,Mark001,10/10/2017,100,41241,"INR",-0.2,-20.4,122.4
Prod013,Cus001,Mark001,10/10/2017,240,143560,"INR",-0.22,-14.3,79.3
Prod004,Cus007,Mark004,10/9/2017,1,185,INR,-0.24,-15.6,80.6
Prod004,Cus007,Mark004,10/9/2017,1,185,"INR",0.4,40.8,61.2
Prod011,Cus016,Mark002,10/6/2017,1,505,INR,0.39,39.78,62.22
Prod011,Cus016,Mark002,10/6/2017,1,505,"INR",0.01,1.02,100.98
Prod017,Cus016,Mark002,10/6/2017,4,8384,"INR",0.14,28.56,175.44
Prod017,Cus022,Mark002,10/5/2017,4,9190,"INR",0.02,1.3,63.7
